C27B7.7,BWM_anterior,33.73125
C27B7.7,BWM_far_posterior,15.6375
C27B7.7,BWM_head,25.462500000000002
C27B7.7,BWM_neck,43.575
C27B7.7,BWM_posterior,23.15625
C27B7.7,Z1_Z4,3.7687500000000003
Y37E11AL.6,AMsh,2.5687499999999996
Y37E11AL.6,CEPso,43.7625
Y37E11AL.6,hyp4_hyp5_hyp6,2.64375
Y37E11AL.6,hyp7_AB_lineage,6.4125
Y37E11AL.6,mc3,14.512500000000001
bam-2,AMsh,5.25
bam-2,BWM_anterior,0.675
bam-2,BWM_posterior,2.94375
bam-2,CEPso,47.699999999999996
bam-2,Excretory_cell,10.743749999999999
bam-2,Excretory_gland,105.11874999999999
bam-2,G2_and_W_blasts,33.6375
bam-2,GLR,6.46875
bam-2,ILso,86.85
bam-2,Intestine_anterior,5.043749999999999
bam-2,Intestine_far_posterior,1.5562500000000001
bam-2,Intestine_middle_and_posterior,4.2375
bam-2,MC,148.96875
bam-2,P_cell,0.6187499999999999
bam-2,Pharyngeal_intestinal_valve,42.50625
bam-2,Seam_cell,5.2125
bam-2,Tail_hypodermis,9.75
bam-2,g1,181.76250000000002
bam-2,g2,123.26250000000002
bam-2,hyp3,7.612500000000001
bam-2,hyp4_hyp5_hyp6,1.3125
bam-2,hyp7_AB_lineage,2.64375
bam-2,hyp7_C_lineage,0.43124999999999997
bam-2,mc1,3.1125000000000003
bam-2,mc2,8.04375
bam-2,mc3,32.8125
bam-2,pm1_pm2,9.54375
bam-2,pm3_pm4_pm5,20.043750000000003
bam-2,pm6,20.49375
bam-2,pm7,22.743750000000002
cam-1,AMsh,231.13125000000002
cam-1,AMso,28.143749999999997
cam-1,Anterior_arcade_cell,52.21875
cam-1,BWM_anterior,118.03124999999999
cam-1,BWM_far_posterior,7.199999999999999
cam-1,BWM_head,150.33749999999998
cam-1,BWM_neck,113.7
cam-1,BWM_posterior,72.16875
cam-1,CEPso,32.45625
cam-1,Coelomocyte,19.331249999999997
cam-1,Excretory_cell,55.800000000000004
cam-1,Excretory_gland,152.75625
cam-1,G2_and_W_blasts,64.19999999999999
cam-1,GLR,212.175
cam-1,Intestine_anterior,5.550000000000001
cam-1,Intestine_middle_and_posterior,11.85
cam-1,MC,91.98750000000001
cam-1,M_cell,8.64375
cam-1,P_cell,7.518750000000001
cam-1,Pharyngeal_intestinal_valve,88.35
cam-1,Posterior_arcade_cell,23.456249999999997
cam-1,Seam_cell,27.637500000000003
cam-1,Z1_Z4,9.16875
cam-1,g1,49.537499999999994
cam-1,g2,28.125
cam-1,hmc,177.975
cam-1,hyp1_and_possibly_hyp2,19.25625
cam-1,hyp4_hyp5_hyp6,76.875
cam-1,hyp7_AB_lineage,79.79999999999998
cam-1,hyp7_C_lineage,11.793750000000001
cam-1,mc1,18.3375
cam-1,mc2,104.54999999999998
cam-1,mc3,79.2
cam-1,mu_int_mu_anal,97.66874999999999
cam-1,pm1_pm2,254.94375000000002
cam-1,pm3_pm4_pm5,124.85625
cam-1,pm6,14.643749999999999
cam-1,pm7,21.525000000000002
casy-1,AMsh,38.98125
casy-1,BWM_anterior,2.8687500000000004
casy-1,BWM_head,1.5750000000000002
casy-1,BWM_neck,8.8125
casy-1,BWM_posterior,7.125
casy-1,Excretory_cell,12.993749999999999
casy-1,Excretory_gland,379.51874999999995
casy-1,GLR,9.15
casy-1,MC,266.9625
casy-1,M_cell,18.787499999999998
casy-1,NSM,27.75
casy-1,g2,21.262500000000003
casy-1,hyp7_AB_lineage,0.6375
casy-1,hyp7_C_lineage,1.2374999999999998
casy-1,mc1,8.475000000000001
casy-1,pm1_pm2,4.18125
casy-1,pm7,6.675000000000001
cdh-1,BWM_posterior,0.3375
cdh-1,CEPso,40.724999999999994
cdh-1,ILso,47.381249999999994
cdh-1,P_cell,14.100000000000001
cdh-1,Seam_cell,6.4125
cdh-1,Tail_hypodermis,10.8
cdh-1,g2,16.799999999999997
cdh-1,hyp1_and_possibly_hyp2,1.18125
cdh-1,hyp3,25.799999999999997
cdh-1,hyp4_hyp5_hyp6,34.6875
cdh-1,hyp7_AB_lineage,13.89375
cdh-1,hyp7_C_lineage,5.175000000000001
cdh-1,mc3,9.975000000000001
cdh-1,pm3_pm4_pm5,7.481250000000001
cdh-1,pm6,3.5999999999999996
cdh-1,pm7,4.143750000000001
cdh-12,CEPso,24.056250000000002
cdh-12,Excretory_gland,53.081250000000004
cdh-12,P_cell,0.6937500000000001
cdh-12,Seam_cell,2.025
cdh-12,hyp4_hyp5_hyp6,0.7687499999999999
cdh-12,hyp7_AB_lineage,1.7062499999999998
cdh-3,AMsh,309.84375
cdh-3,Anterior_arcade_cell,309.46875
cdh-3,BWM_anterior,6.0375000000000005
cdh-3,BWM_head,2.2687500000000003
cdh-3,BWM_neck,4.6875
cdh-3,BWM_posterior,1.36875
cdh-3,CEPso,47.30624999999999
cdh-3,Coelomocyte,2.7
cdh-3,Excretory_cell,439.66875000000005
cdh-3,Excretory_gland,277.89375
cdh-3,ILso,193.01250000000002
cdh-3,Intestine_anterior,5.86875
cdh-3,MC,286.70625
cdh-3,NSM,81.01875000000001
cdh-3,Pharyngeal_intestinal_valve,62.324999999999996
cdh-3,Seam_cell,276.75
cdh-3,Tail_hypodermis,163.16250000000002
cdh-3,g1,125.28750000000002
cdh-3,g2,7.78125
cdh-3,hyp1_and_possibly_hyp2,372.525
cdh-3,hyp3,32.26875
cdh-3,hyp4_hyp5_hyp6,6.05625
cdh-3,hyp7_C_lineage,0.9187500000000001
cdh-3,mc1,11.4375
cdh-3,mc3,58.575
cdh-3,pm1_pm2,147.7125
cdh-3,pm3_pm4_pm5,7.55625
cdh-4,AMsh,52.368750000000006
cdh-4,Anterior_arcade_cell,64.66874999999999
cdh-4,BWM_anterior,19.425
cdh-4,BWM_far_posterior,20.606250000000003
cdh-4,BWM_head,19.5375
cdh-4,BWM_neck,11.418750000000001
cdh-4,BWM_posterior,15.524999999999999
cdh-4,CEPso,53.925
cdh-4,Coelomocyte,24.35625
cdh-4,Excretory_cell,44.39999999999999
cdh-4,Excretory_gland,193.16875
cdh-4,G2_and_W_blasts,30.393749999999997
cdh-4,GLR,29.249999999999996
cdh-4,ILso,27.75
cdh-4,Intestine_anterior,7.200000000000001
cdh-4,Intestine_far_posterior,2.55
cdh-4,Intestine_middle_and_posterior,2.26875
cdh-4,MC,335.98124999999993
cdh-4,M_cell,26.94375
cdh-4,NSM,69.61875
cdh-4,P_cell,26.19375
cdh-4,Pharyngeal_intestinal_valve,88.29374999999999
cdh-4,Posterior_arcade_cell,25.856250000000003
cdh-4,Seam_cell,17.19375
cdh-4,Tail_hypodermis,58.85625
cdh-4,Z1_Z4,18.0
cdh-4,g1,185.45624999999998
cdh-4,g2,183.84375
cdh-4,hmc,52.162499999999994
cdh-4,hyp1_and_possibly_hyp2,40.29375
cdh-4,hyp3,65.86875
cdh-4,hyp4_hyp5_hyp6,65.90625
cdh-4,hyp7_AB_lineage,35.9625
cdh-4,hyp7_C_lineage,15.937500000000002
cdh-4,mc1,26.212500000000002
cdh-4,mc2,58.8
cdh-4,mc3,112.33124999999998
cdh-4,mu_int_mu_anal,57.675000000000004
cdh-4,pm1_pm2,278.8125
cdh-4,pm3_pm4_pm5,119.2875
cdh-4,pm6,164.00625000000002
cdh-4,pm7,237.46875000000003
cdh-5,Anterior_arcade_cell,52.800000000000004
cdh-5,BWM_anterior,0.8812500000000001
cdh-5,Intestine_anterior,10.068750000000001
cdh-5,Pharyngeal_intestinal_valve,219.78750000000002
cdh-5,Posterior_arcade_cell,35.587500000000006
cdh-5,g1,21.54375
cdh-5,mc1,59.737500000000004
cdh-5,mc2,268.74375
cdh-5,mc3,345.9375
cdh-5,pm1_pm2,105.67500000000001
cdh-5,pm3_pm4_pm5,380.04375
cdh-5,pm6,496.70625000000007
cdh-5,pm7,326.8125
cdh-8,CEPso,60.0375
cdh-8,Intestine_anterior,1.44375
cdh-8,Pharyngeal_intestinal_valve,43.725
cdh-8,Seam_cell,0.5249999999999999
cdh-8,mc1,64.38749999999999
cdh-8,mc2,263.96250000000003
cdh-8,mc3,337.61250000000007
cdh-8,pm1_pm2,32.925
cdh-8,pm3_pm4_pm5,0.84375
cdh-9,BWM_anterior,15.225
cdh-9,BWM_far_posterior,1.7437500000000001
cdh-9,BWM_head,1.63125
cdh-9,BWM_neck,2.98125
cdh-9,BWM_posterior,1.18125
cdh-9,Excretory_gland,140.79375
cdh-9,ILso,28.762500000000003
cdh-9,Intestine_anterior,7.3687499999999995
cdh-9,MC,74.69999999999999
cdh-9,Pharyngeal_intestinal_valve,154.9125
cdh-9,g1,17.8125
cdh-9,hyp3,140.90625
cdh-9,mc1,14.53125
cdh-9,mc2,9.76875
cdh-9,mc3,5.90625
cdh-9,pm1_pm2,195.8625
cdh-9,pm3_pm4_pm5,245.90624999999997
cdh-9,pm6,142.51875
cdh-9,pm7,53.043749999999996
clr-1,AMsh,94.9125
clr-1,BWM_anterior,71.8125
clr-1,BWM_far_posterior,64.9125
clr-1,BWM_head,67.7625
clr-1,BWM_neck,69.69375
clr-1,BWM_posterior,71.15625
clr-1,CEPso,42.206250000000004
clr-1,Coelomocyte,40.425000000000004
clr-1,Excretory_cell,222.1875
clr-1,Excretory_gland,204.2625
clr-1,GLR,88.96875
clr-1,ILso,12.075000000000001
clr-1,Intestine_anterior,17.231250000000003
clr-1,Intestine_far_posterior,18.75
clr-1,Intestine_middle_and_posterior,7.93125
clr-1,MC,31.762500000000003
clr-1,M_cell,30.825
clr-1,P_cell,20.775
clr-1,Pharyngeal_intestinal_valve,33.80625
clr-1,Posterior_arcade_cell,17.4375
clr-1,Seam_cell,7.63125
clr-1,Tail_hypodermis,43.14375
clr-1,Z1_Z4,14.831249999999999
clr-1,g1,36.13125
clr-1,g2,16.8375
clr-1,hmc,6.487500000000001
clr-1,hyp1_and_possibly_hyp2,9.675
clr-1,hyp3,31.012500000000003
clr-1,hyp4_hyp5_hyp6,16.724999999999998
clr-1,hyp7_AB_lineage,20.549999999999997
clr-1,hyp7_C_lineage,8.83125
clr-1,mc1,24.09375
clr-1,mc2,30.80625
clr-1,mc3,7.78125
clr-1,mu_int_mu_anal,29.925000000000004
clr-1,mu_sph,23.231250000000003
clr-1,pm1_pm2,15.731250000000001
clr-1,pm3_pm4_pm5,44.34375
clr-1,pm6,28.275
clr-1,pm7,59.58749999999999
dig-1,BWM_anterior,248.43749999999997
dig-1,BWM_far_posterior,152.75624999999997
dig-1,BWM_head,267.09375
dig-1,BWM_neck,255.71250000000003
dig-1,BWM_posterior,148.9875
dig-1,Coelomocyte,1887.7875
dig-1,GLR,723.73125
dig-1,Intestine_far_posterior,2.98125
dig-1,Intestine_middle_and_posterior,5.418749999999999
dig-1,M_cell,46.818749999999994
dig-1,Tail_hypodermis,4.987500000000001
dig-1,Z1_Z4,143.34375
dig-1,hmc,471.9375
dig-1,hyp7_C_lineage,1.6500000000000001
dig-1,mu_int_mu_anal,5.268750000000001
dig-1,mu_sph,26.662499999999998
dma-1,AMsh,427.48125
dma-1,AMso,83.5875
dma-1,BWM_anterior,101.04375000000002
dma-1,BWM_far_posterior,22.7625
dma-1,BWM_head,6.825
dma-1,BWM_neck,1.7625000000000002
dma-1,BWM_posterior,449.06250000000006
dma-1,CEPso,641.2875
dma-1,Coelomocyte,19.21875
dma-1,Excretory_gland,3014.16875
dma-1,GLR,13.068750000000001
dma-1,ILso,602.6624999999999
dma-1,Intestine_anterior,1.06875
dma-1,MC,364.5
dma-1,M_cell,4.949999999999999
dma-1,NSM,402.39374999999995
dma-1,P_cell,6.9937499999999995
dma-1,Seam_cell,32.175
dma-1,Tail_hypodermis,48.9375
dma-1,Z1_Z4,10.725000000000001
dma-1,g1,151.74374999999998
dma-1,g2,78.82499999999999
dma-1,hyp4_hyp5_hyp6,3.3937500000000003
dma-1,hyp7_AB_lineage,26.699999999999996
dma-1,hyp7_C_lineage,2.83125
dma-1,mc2,20.5875
dma-1,mc3,85.875
dma-1,mu_int_mu_anal,21.450000000000003
dma-1,pm3_pm4_pm5,65.55
dma-1,pm6,17.174999999999997
egg-6,AMsh,12.09375
egg-6,CEPso,45.599999999999994
egg-6,G2_and_W_blasts,21.956249999999997
egg-6,ILso,21.7125
egg-6,P_cell,108.82499999999999
egg-6,Seam_cell,143.96249999999998
egg-6,Tail_hypodermis,189.05624999999998
egg-6,hyp4_hyp5_hyp6,76.125
egg-6,hyp7_AB_lineage,81.37500000000001
egg-6,hyp7_C_lineage,42.50625
egl-15,AMsh,10.48125
egl-15,BWM_anterior,0.6000000000000001
egl-15,BWM_far_posterior,1.2937500000000002
egl-15,BWM_head,201.7125
egl-15,BWM_posterior,3.15
egl-15,Coelomocyte,161.8625
egl-15,Intestine_middle_and_posterior,0.41250000000000003
egl-15,M_cell,148.5375
egl-15,P_cell,23.5875
egl-15,Tail_hypodermis,5.34375
egl-15,hyp4_hyp5_hyp6,24.16875
egl-15,hyp7_AB_lineage,28.499999999999996
egl-15,hyp7_C_lineage,22.03125
egl-15,mu_int_mu_anal,142.0125
egl-15,mu_sph,16.799999999999997
fmi-1,AMsh,21.99375
fmi-1,Anterior_arcade_cell,48.543749999999996
fmi-1,BWM_anterior,5.30625
fmi-1,BWM_head,4.18125
fmi-1,BWM_neck,1.5374999999999999
fmi-1,BWM_posterior,3.16875
fmi-1,CEPso,57.75
fmi-1,Coelomocyte,93.6625
fmi-1,Excretory_cell,25.650000000000002
fmi-1,Excretory_gland,364.00625
fmi-1,GLR,41.11875
fmi-1,ILso,14.681249999999999
fmi-1,Intestine_anterior,10.350000000000001
fmi-1,Intestine_middle_and_posterior,3.65625
fmi-1,MC,622.78125
fmi-1,NSM,76.76249999999999
fmi-1,Pharyngeal_intestinal_valve,26.2125
fmi-1,Seam_cell,26.137499999999996
fmi-1,Z1_Z4,7.5562499999999995
fmi-1,g1,54.037499999999994
fmi-1,hyp1_and_possibly_hyp2,11.943750000000001
fmi-1,hyp4_hyp5_hyp6,5.606249999999999
fmi-1,hyp7_AB_lineage,3.09375
fmi-1,hyp7_C_lineage,1.6124999999999998
fmi-1,mc1,5.86875
fmi-1,mc2,12.825000000000001
fmi-1,mc3,33.449999999999996
fmi-1,mu_int_mu_anal,4.875
fmi-1,pm1_pm2,108.35624999999999
fmi-1,pm3_pm4_pm5,12.99375
fmi-1,pm7,5.324999999999999
fshr-1 ,Intestine_anterior,29.137499999999996
fshr-1 ,Intestine_far_posterior,38.19375
fshr-1 ,Intestine_middle_and_posterior,34.10625
glit-1,AMsh,60.69375
glit-1,Anterior_arcade_cell,18.80625
glit-1,BWM_anterior,9.4125
glit-1,BWM_far_posterior,3.4124999999999996
glit-1,BWM_head,21.2625
glit-1,BWM_neck,14.850000000000001
glit-1,BWM_posterior,11.34375
glit-1,Coelomocyte,12.412499999999998
glit-1,Excretory_cell,18.768749999999997
glit-1,Excretory_gland,29.137499999999996
glit-1,GLR,6.543749999999999
glit-1,Intestine_anterior,10.96875
glit-1,Intestine_far_posterior,14.024999999999999
glit-1,Intestine_middle_and_posterior,16.7625
glit-1,MC,189.28124999999997
glit-1,M_cell,48.431250000000006
glit-1,NSM,14.625
glit-1,P_cell,1.5562500000000001
glit-1,Pharyngeal_intestinal_valve,14.399999999999999
glit-1,Seam_cell,3.0562500000000004
glit-1,Tail_hypodermis,5.606249999999999
glit-1,Z1_Z4,7.59375
glit-1,g1,62.83125
glit-1,g2,65.36250000000001
glit-1,hyp1_and_possibly_hyp2,50.90625
glit-1,hyp4_hyp5_hyp6,1.6875
glit-1,hyp7_AB_lineage,1.7999999999999998
glit-1,hyp7_C_lineage,4.1812499999999995
glit-1,mc1,16.856250000000003
glit-1,mc2,11.5125
glit-1,mc3,16.518749999999997
glit-1,mu_int_mu_anal,3.1312499999999996
glit-1,pm1_pm2,23.831249999999997
glit-1,pm3_pm4_pm5,41.98125
glit-1,pm6,8.774999999999999
glit-1,pm7,38.831250000000004
him-4,BWM_anterior,1.725
him-4,BWM_far_posterior,4.5562499999999995
him-4,BWM_head,567.6375
him-4,BWM_neck,26.287499999999998
him-4,BWM_posterior,28.6875
him-4,Coelomocyte,7.593749999999999
him-4,GLR,3.9375
him-4,Z1_Z4,12.018749999999999
him-4,hmc,4.574999999999999
him-4,mu_int_mu_anal,88.65
him-4,mu_sph,101.625
hmr-1,AMsh,335.175
hmr-1,AMso,43.29375
hmr-1,Anterior_arcade_cell,212.55
hmr-1,BWM_anterior,57.35625
hmr-1,BWM_far_posterior,57.768750000000004
hmr-1,BWM_head,57.69375
hmr-1,BWM_neck,34.29375
hmr-1,BWM_posterior,59.34375
hmr-1,CEPso,278.175
hmr-1,Coelomocyte,27.31875
hmr-1,Excretory_cell,131.4375
hmr-1,Excretory_gland,410.41875000000005
hmr-1,G2_and_W_blasts,154.70625
hmr-1,GLR,234.225
hmr-1,ILso,152.1375
hmr-1,Intestine_anterior,35.418749999999996
hmr-1,Intestine_far_posterior,13.200000000000001
hmr-1,Intestine_middle_and_posterior,9.693750000000001
hmr-1,MC,284.1375
hmr-1,M_cell,120.80624999999999
hmr-1,NSM,40.40625
hmr-1,P_cell,123.11249999999998
hmr-1,Pharyngeal_intestinal_valve,250.8375
hmr-1,Seam_cell,217.18125
hmr-1,Tail_hypodermis,254.94375
hmr-1,Z1_Z4,242.1
hmr-1,g1,129.6375
hmr-1,g2,201.86249999999998
hmr-1,hmc,144.80625
hmr-1,hyp1_and_possibly_hyp2,219.54375
hmr-1,hyp3,110.88749999999999
hmr-1,hyp4_hyp5_hyp6,120.61874999999999
hmr-1,hyp7_AB_lineage,126.60000000000001
hmr-1,hyp7_C_lineage,38.887499999999996
hmr-1,mc1,91.05000000000001
hmr-1,mc2,101.79374999999999
hmr-1,mc3,233.66249999999997
hmr-1,mu_int_mu_anal,76.6875
hmr-1,pm1_pm2,136.5
hmr-1,pm3_pm4_pm5,132.975
hmr-1,pm6,123.61874999999998
hmr-1,pm7,126.43124999999999
igcm-1,AMsh,51.09375
igcm-1,Anterior_arcade_cell,30.037499999999998
igcm-1,BWM_anterior,0.8062499999999999
igcm-1,BWM_head,5.737500000000001
igcm-1,BWM_posterior,2.0062499999999996
igcm-1,CEPso,144.99375
igcm-1,Coelomocyte,55.35000000000001
igcm-1,Excretory_cell,3.5437499999999997
igcm-1,GLR,6.0375000000000005
igcm-1,ILso,215.39999999999998
igcm-1,Intestine_anterior,7.574999999999999
igcm-1,Intestine_middle_and_posterior,3.2249999999999996
igcm-1,MC,76.0875
igcm-1,NSM,9.337499999999999
igcm-1,Pharyngeal_intestinal_valve,112.06875
igcm-1,Tail_hypodermis,2.4937500000000004
igcm-1,g1,30.9375
igcm-1,hyp1_and_possibly_hyp2,13.106250000000001
igcm-1,hyp3,31.856250000000003
igcm-1,hyp4_hyp5_hyp6,3.1125000000000003
igcm-1,mc1,43.631249999999994
igcm-1,mc2,98.64375000000001
igcm-1,mc3,226.3125
igcm-1,pm1_pm2,155.1375
igcm-1,pm3_pm4_pm5,160.55624999999998
igcm-1,pm6,43.856249999999996
igcm-1,pm7,38.53125
igcm-2,BWM_anterior,81.65625
igcm-2,BWM_far_posterior,98.4375
igcm-2,BWM_head,56.5875
igcm-2,BWM_neck,82.1625
igcm-2,BWM_posterior,90.84375
igcm-2,Excretory_gland,20.00625
igcm-2,GLR,1.4249999999999998
igcm-2,M_cell,2.6624999999999996
igcm-2,Z1_Z4,4.987500000000001
igcm-2,mu_int_mu_anal,55.237500000000004
igcm-2,mu_sph,36.881249999999994
igcm-2,pm1_pm2,41.0625
igcm-2,pm3_pm4_pm5,3.5437499999999997
igcm-3,AMsh,419.8875
igcm-3,AMso,193.81875000000002
igcm-3,Anterior_arcade_cell,1692.0562499999999
igcm-3,BWM_anterior,10.3125
igcm-3,BWM_far_posterior,6.09375
igcm-3,BWM_head,20.325
igcm-3,BWM_neck,3.0749999999999997
igcm-3,BWM_posterior,13.74375
igcm-3,CEPso,363.09375000000006
igcm-3,Coelomocyte,18.05625
igcm-3,Excretory_cell,97.10624999999999
igcm-3,Excretory_gland,177.4875
igcm-3,G2_and_W_blasts,55.987500000000004
igcm-3,GLR,181.96875
igcm-3,ILso,250.9125
igcm-3,Intestine_anterior,14.418750000000001
igcm-3,Intestine_far_posterior,2.925
igcm-3,Intestine_middle_and_posterior,2.64375
igcm-3,MC,197.68125
igcm-3,NSM,109.61250000000001
igcm-3,P_cell,85.48124999999999
igcm-3,Pharyngeal_intestinal_valve,565.40625
igcm-3,Posterior_arcade_cell,419.9625
igcm-3,Seam_cell,431.26875
igcm-3,Tail_hypodermis,296.925
igcm-3,Z1_Z4,116.11874999999999
igcm-3,g1,185.41875000000002
igcm-3,g2,415.10625
igcm-3,hmc,38.8125
igcm-3,hyp1_and_possibly_hyp2,432.76874999999995
igcm-3,hyp3,320.38125
igcm-3,hyp4_hyp5_hyp6,133.40625
igcm-3,hyp7_AB_lineage,81.375
igcm-3,hyp7_C_lineage,69.9
igcm-3,mc1,269.79375000000005
igcm-3,mc2,271.27500000000003
igcm-3,mc3,517.425
igcm-3,pm1_pm2,415.27500000000003
igcm-3,pm3_pm4_pm5,331.4625
igcm-3,pm6,246.14999999999998
igcm-3,pm7,208.0125
igcm-4,AMsh,305.15625
igcm-4,BWM_anterior,72.58125000000001
igcm-4,BWM_head,207.9
igcm-4,BWM_neck,230.94375
igcm-4,BWM_posterior,13.575000000000003
igcm-4,CEPso,168.69375000000002
igcm-4,Coelomocyte,30.787499999999998
igcm-4,Excretory_cell,140.00625
igcm-4,Excretory_gland,1107.68125
igcm-4,G2_and_W_blasts,173.94375000000002
igcm-4,GLR,146.98125000000002
igcm-4,Intestine_anterior,1.0875
igcm-4,MC,943.7250000000001
igcm-4,NSM,211.40625
igcm-4,P_cell,14.625
igcm-4,Pharyngeal_intestinal_valve,58.50000000000001
igcm-4,Posterior_arcade_cell,61.275000000000006
igcm-4,Seam_cell,81.43125
igcm-4,Z1_Z4,30.862499999999997
igcm-4,g1,106.5
igcm-4,g2,194.41875
igcm-4,hmc,386.30625
igcm-4,hyp1_and_possibly_hyp2,122.66250000000001
igcm-4,hyp4_hyp5_hyp6,154.78125000000003
igcm-4,hyp7_AB_lineage,138.675
igcm-4,mc1,249.375
igcm-4,mc2,326.23125
igcm-4,mc3,55.762499999999996
igcm-4,mu_int_mu_anal,10.78125
igcm-4,pm1_pm2,469.78125000000006
igcm-4,pm3_pm4_pm5,544.1437500000001
igcm-4,pm6,157.40625000000003
igcm-4,pm7,21.618750000000002
igdb-2,P_cell,0.9187500000000001
igdb-2,Seam_cell,2.4187499999999997
igdb-2,hyp4_hyp5_hyp6,2.4375
igdb-2,hyp7_AB_lineage,1.25625
igdb-2,hyp7_C_lineage,3.05625
igdb-3,BWM_anterior,0.35624999999999996
igdb-3,BWM_far_posterior,1.9500000000000002
igdb-3,BWM_neck,1.6687500000000002
igdb-3,Seam_cell,5.475
igdb-3,Tail_hypodermis,36.16875
igdb-3,Z1_Z4,6.074999999999999
igdb-3,hyp7_AB_lineage,1.7625000000000002
igdb-3,hyp7_C_lineage,2.0250000000000004
igeg-1,Intestine_anterior,11.7375
igeg-1,Intestine_far_posterior,3.4124999999999996
igeg-1,Intestine_middle_and_posterior,7.9125000000000005
igeg-1,Pharyngeal_intestinal_valve,31.25625
igeg-1,mc3,1.9500000000000002
igeg-1,pm6,23.475
igeg-2,Excretory_cell,6.393750000000001
igeg-2,Intestine_anterior,8.737499999999999
igeg-2,Intestine_far_posterior,7.6499999999999995
igeg-2,Intestine_middle_and_posterior,4.875
igeg-2,Pharyngeal_intestinal_valve,12.46875
iglr-1,BWM_anterior,0.73125
iglr-1,BWM_head,25.106249999999996
iglr-1,BWM_posterior,2.55
iglr-2,AMsh,149.98125
iglr-2,AMso,19.21875
iglr-2,Anterior_arcade_cell,66.50625000000001
iglr-2,BWM_anterior,84.07499999999999
iglr-2,BWM_far_posterior,81.4125
iglr-2,BWM_head,105.2625
iglr-2,BWM_neck,90.50625000000001
iglr-2,BWM_posterior,81.20625000000001
iglr-2,Coelomocyte,88.05000000000001
iglr-2,Excretory_cell,196.725
iglr-2,Excretory_gland,68.53125
iglr-2,GLR,104.98125
iglr-2,ILso,41.118750000000006
iglr-2,Intestine_anterior,38.25
iglr-2,Intestine_far_posterior,24.974999999999998
iglr-2,Intestine_middle_and_posterior,29.30625
iglr-2,MC,137.08125
iglr-2,M_cell,92.08125000000001
iglr-2,NSM,37.51875
iglr-2,P_cell,26.94375
iglr-2,Pharyngeal_intestinal_valve,61.55625
iglr-2,Posterior_arcade_cell,48.28125
iglr-2,Seam_cell,36.974999999999994
iglr-2,Tail_hypodermis,46.949999999999996
iglr-2,Z1_Z4,93.09375
iglr-2,g1,74.71875
iglr-2,g2,86.64375000000001
iglr-2,hmc,73.35000000000001
iglr-2,hyp1_and_possibly_hyp2,96.29999999999998
iglr-2,hyp3,28.331249999999997
iglr-2,hyp4_hyp5_hyp6,46.96875
iglr-2,hyp7_AB_lineage,37.03125
iglr-2,hyp7_C_lineage,19.25625
iglr-2,mc1,44.53125
iglr-2,mc2,98.2875
iglr-2,mc3,123.09375
iglr-2,mu_int_mu_anal,113.83125
iglr-2,mu_sph,52.21875
iglr-2,pm1_pm2,110.4
iglr-2,pm3_pm4_pm5,93.525
iglr-2,pm6,102.5625
iglr-2,pm7,72.7875
iglr-3,BWM_anterior,1.1062500000000002
iglr-3,BWM_posterior,1.05
iglr-3,Excretory_cell,10.3125
iglr-3,Excretory_gland,313.81874999999997
iglr-3,MC,153.1125
iglr-3,hmc,532.78125
iglr-3,hyp1_and_possibly_hyp2,3.6750000000000003
iglr-3,pm3_pm4_pm5,1.2000000000000002
itx-1,Intestine_anterior,103.70625
itx-1,Intestine_far_posterior,92.8125
itx-1,Intestine_middle_and_posterior,80.00625
itx-1,Pharyngeal_intestinal_valve,60.88125000000001
lad-2,AMsh,1511.6062499999998
lad-2,BWM_anterior,1.3687500000000001
lad-2,BWM_head,16.06875
lad-2,BWM_posterior,3.0375
lad-2,Excretory_cell,43.59375
lad-2,Excretory_gland,199.9875
lad-2,hyp7_AB_lineage,5.71875
lat-1,AMsh,50.81249999999999
lat-1,Anterior_arcade_cell,75.01875
lat-1,BWM_anterior,29.924999999999997
lat-1,BWM_far_posterior,3.0
lat-1,BWM_head,10.78125
lat-1,BWM_neck,16.1625
lat-1,BWM_posterior,22.3125
lat-1,CEPso,42.09375000000001
lat-1,Coelomocyte,35.099999999999994
lat-1,Excretory_cell,15.01875
lat-1,Excretory_gland,247.65
lat-1,GLR,10.3875
lat-1,ILso,18.69375
lat-1,Intestine_anterior,22.856250000000003
lat-1,Intestine_far_posterior,18.65625
lat-1,Intestine_middle_and_posterior,14.2875
lat-1,MC,351.24375
lat-1,M_cell,64.98750000000001
lat-1,NSM,86.36250000000001
lat-1,P_cell,60.337500000000006
lat-1,Posterior_arcade_cell,22.65
lat-1,Seam_cell,2.6624999999999996
lat-1,Tail_hypodermis,12.337499999999999
lat-1,Z1_Z4,122.5875
lat-1,g1,76.14375000000001
lat-1,g2,237.43125
lat-1,hmc,11.45625
lat-1,hyp1_and_possibly_hyp2,15.243749999999999
lat-1,hyp3,28.424999999999997
lat-1,hyp4_hyp5_hyp6,14.212499999999999
lat-1,hyp7_AB_lineage,11.868749999999999
lat-1,hyp7_C_lineage,31.874999999999996
lat-1,mc1,11.306249999999999
lat-1,mc2,67.70625
lat-1,mc3,202.70624999999998
lat-1,pm1_pm2,235.05
lat-1,pm3_pm4_pm5,233.6625
lat-1,pm6,85.1625
lat-1,pm7,96.30000000000001
lat-2,AMsh,6.768750000000001
lat-2,pm3_pm4_pm5,1.1625
let-4,AMsh,273.43125000000003
let-4,AMso,153.61874999999998
let-4,BWM_anterior,4.706250000000001
let-4,BWM_head,7.4624999999999995
let-4,BWM_neck,3.6750000000000003
let-4,BWM_posterior,0.9937499999999999
let-4,CEPso,181.63125
let-4,Excretory_cell,50.15625
let-4,G2_and_W_blasts,189.075
let-4,ILso,208.7625
let-4,M_cell,67.7625
let-4,P_cell,296.1375
let-4,Pharyngeal_intestinal_valve,11.60625
let-4,Seam_cell,232.575
let-4,Tail_hypodermis,381.9375
let-4,Z1_Z4,5.625
let-4,g1,11.325
let-4,hyp1_and_possibly_hyp2,48.00000000000001
let-4,hyp3,462.46875
let-4,hyp4_hyp5_hyp6,271.125
let-4,hyp7_AB_lineage,280.66875
let-4,hyp7_C_lineage,165.05625
let-4,mu_int_mu_anal,7.875
let-4,pm3_pm4_pm5,4.987500000000001
lron-1,Pharyngeal_intestinal_valve,14.174999999999999
lron-1,g1,29.981250000000003
lron-1,g2,50.887499999999996
lron-1,mc1,21.09375
lron-1,mc2,17.68125
lron-1,mc3,2.26875
lron-1,pm1_pm2,44.00625
lron-1,pm3_pm4_pm5,105.4875
lron-1,pm6,2.25
lron-10,AMsh,38.175
lron-10,BWM_anterior,101.02499999999999
lron-10,BWM_far_posterior,93.33749999999999
lron-10,BWM_head,101.15625000000001
lron-10,BWM_neck,117.14999999999999
lron-10,BWM_posterior,115.85625000000002
lron-10,Coelomocyte,215.33750000000003
lron-10,Excretory_cell,47.1375
lron-10,Intestine_far_posterior,1.5187499999999998
lron-10,MC,94.23750000000001
lron-10,M_cell,142.29375
lron-10,P_cell,23.85
lron-10,Pharyngeal_intestinal_valve,16.9125
lron-10,Seam_cell,10.425
lron-10,Tail_hypodermis,70.21875
lron-10,Z1_Z4,70.4625
lron-10,g1,29.643750000000004
lron-10,hmc,17.68125
lron-10,hyp1_and_possibly_hyp2,7.143750000000001
lron-10,hyp3,10.85625
lron-10,hyp4_hyp5_hyp6,30.806250000000002
lron-10,hyp7_AB_lineage,25.237499999999997
lron-10,hyp7_C_lineage,17.4
lron-10,mc1,3.84375
lron-10,mc2,4.93125
lron-10,mc3,12.881250000000001
lron-10,mu_int_mu_anal,72.61875
lron-10,mu_sph,118.725
lron-10,pm1_pm2,25.893749999999997
lron-10,pm3_pm4_pm5,3.7874999999999996
lron-10,pm6,14.418750000000001
lron-10,pm7,23.400000000000002
lron-11,AMsh,28.5
lron-11,Anterior_arcade_cell,25.893749999999997
lron-11,BWM_anterior,2.26875
lron-11,BWM_far_posterior,16.349999999999998
lron-11,BWM_head,2.7375
lron-11,BWM_posterior,7.875000000000001
lron-11,CEPso,50.98125
lron-11,Coelomocyte,2.0625
lron-11,G2_and_W_blasts,26.268749999999997
lron-11,GLR,15.712500000000002
lron-11,ILso,30.318749999999998
lron-11,Intestine_anterior,1.0875
lron-11,Intestine_far_posterior,9.899999999999999
lron-11,Intestine_middle_and_posterior,4.25625
lron-11,P_cell,33.6
lron-11,Seam_cell,30.39375
lron-11,Tail_hypodermis,43.65
lron-11,g1,13.893749999999999
lron-11,hyp1_and_possibly_hyp2,21.018749999999997
lron-11,hyp3,73.3125
lron-11,hyp4_hyp5_hyp6,27.1875
lron-11,hyp7_AB_lineage,63.431250000000006
lron-11,hyp7_C_lineage,47.043749999999996
lron-11,mu_int_mu_anal,3.8249999999999997
lron-11,pm3_pm4_pm5,11.100000000000001
lron-11,pm6,6.75
lron-11,pm7,3.7125000000000004
lron-12,BWM_anterior,86.08125
lron-12,BWM_far_posterior,108.44999999999999
lron-12,BWM_head,523.3125
lron-12,BWM_neck,204.75
lron-12,BWM_posterior,68.08125
lron-12,mu_int_mu_anal,5.887499999999999
lron-13,mc2,14.1
lron-13,pm3_pm4_pm5,11.587499999999999
lron-14,BWM_anterior,0.3375
lron-14,Seam_cell,5.08125
lron-15,BWM_anterior,25.44375
lron-15,BWM_far_posterior,15.675
lron-15,BWM_head,76.70625000000001
lron-15,BWM_neck,50.5875
lron-15,BWM_posterior,25.03125
lron-15,CEPso,70.21875
lron-15,P_cell,6.675000000000001
lron-15,hyp1_and_possibly_hyp2,1.9500000000000002
lron-15,hyp4_hyp5_hyp6,47.43749999999999
lron-15,hyp7_C_lineage,2.0062499999999996
lron-2,BWM_anterior,1.3874999999999997
lron-2,BWM_head,1.8937499999999998
lron-2,BWM_posterior,0.54375
lron-2,Intestine_anterior,23.71875
lron-2,Pharyngeal_intestinal_valve,256.72499999999997
lron-2,Z1_Z4,20.30625
lron-2,g1,31.181250000000002
lron-2,g2,104.02499999999999
lron-2,mc1,2.8499999999999996
lron-2,mc2,17.68125
lron-2,mc3,11.98125
lron-2,mu_int_mu_anal,6.262499999999999
lron-2,pm1_pm2,39.95625
lron-2,pm3_pm4_pm5,37.05
lron-2,pm6,79.51875000000001
lron-2,pm7,32.175000000000004
lron-3,AMsh,58.6875
lron-3,BWM_anterior,92.79375
lron-3,BWM_far_posterior,49.25625
lron-3,BWM_head,213.09375
lron-3,BWM_neck,150.43125
lron-3,BWM_posterior,47.306250000000006
lron-3,CEPso,7.612500000000001
lron-3,Coelomocyte,117.28125
lron-3,Excretory_cell,12.262500000000001
lron-3,Excretory_gland,215.425
lron-3,G2_and_W_blasts,18.075000000000003
lron-3,GLR,174.675
lron-3,Intestine_anterior,9.225000000000001
lron-3,Intestine_far_posterior,33.618750000000006
lron-3,Intestine_middle_and_posterior,12.75
lron-3,MC,137.325
lron-3,P_cell,50.175000000000004
lron-3,Seam_cell,22.049999999999997
lron-3,hmc,28.950000000000003
lron-3,hyp4_hyp5_hyp6,10.649999999999999
lron-3,hyp7_AB_lineage,8.4375
lron-3,hyp7_C_lineage,18.46875
lron-3,mu_int_mu_anal,12.731250000000001
lron-3,mu_sph,80.25
lron-3,pm6,70.0125
lron-6,Pharyngeal_intestinal_valve,49.631249999999994
lron-6,pm3_pm4_pm5,9.7125
lron-7,BWM_anterior,10.03125
lron-7,BWM_far_posterior,1.9124999999999999
lron-7,BWM_head,12.73125
lron-7,BWM_neck,13.2375
lron-7,BWM_posterior,8.493749999999999
lron-7,Coelomocyte,5.53125
lron-7,Intestine_anterior,113.26875000000001
lron-7,Intestine_far_posterior,125.02499999999999
lron-7,Intestine_middle_and_posterior,102.7875
lron-7,M_cell,5.04375
lron-7,Pharyngeal_intestinal_valve,37.89375
lron-7,Z1_Z4,3.9375
lron-7,hmc,7.706250000000001
lron-7,hyp3,14.625
lron-7,mc2,2.7750000000000004
lron-7,mc3,1.8562500000000002
lron-7,mu_int_mu_anal,2.3812499999999996
lron-7,pm3_pm4_pm5,5.3625
lron-7,pm7,4.63125
lron-8,AMsh,89.90625
lron-8,Anterior_arcade_cell,137.79375
lron-8,BWM_anterior,203.98125
lron-8,BWM_far_posterior,841.1062499999999
lron-8,BWM_head,634.1437499999998
lron-8,BWM_neck,675.5250000000001
lron-8,BWM_posterior,572.86875
lron-8,CEPso,72.65625
lron-8,Coelomocyte,53.55
lron-8,Excretory_cell,36.393750000000004
lron-8,Excretory_gland,339.3125
lron-8,G2_and_W_blasts,323.1
lron-8,GLR,45.20625
lron-8,ILso,44.15625
lron-8,Intestine_anterior,50.512499999999996
lron-8,MC,55.837500000000006
lron-8,M_cell,279.7875
lron-8,NSM,33.3
lron-8,P_cell,496.98750000000007
lron-8,Pharyngeal_intestinal_valve,1533.5625
lron-8,Posterior_arcade_cell,110.08125000000001
lron-8,Seam_cell,22.724999999999998
lron-8,Tail_hypodermis,385.08750000000003
lron-8,Z1_Z4,92.55
lron-8,g1,52.25625
lron-8,hmc,44.79375
lron-8,hyp1_and_possibly_hyp2,19.0875
lron-8,hyp3,22.762500000000003
lron-8,hyp4_hyp5_hyp6,593.86875
lron-8,hyp7_AB_lineage,396.90000000000003
lron-8,hyp7_C_lineage,309.22499999999997
lron-8,mc1,37.48125
lron-8,mc2,819.95625
lron-8,mc3,1588.7624999999998
lron-8,mu_int_mu_anal,108.9375
lron-8,mu_sph,112.9875
lron-8,pm1_pm2,596.925
lron-8,pm3_pm4_pm5,869.3249999999999
lron-8,pm6,187.05
lron-8,pm7,522.16875
lron-9,BWM_anterior,0.7875000000000001
lron-9,BWM_head,2.4000000000000004
lron-9,BWM_neck,10.05
lron-9,GLR,91.5
lron-9,M_cell,49.21874999999999
lron-9,P_cell,79.46249999999999
lron-9,Seam_cell,261.05625000000003
lron-9,Tail_hypodermis,131.8875
lron-9,Z1_Z4,41.1375
lron-9,g1,145.46249999999998
lron-9,hmc,12.881250000000001
lron-9,hyp4_hyp5_hyp6,121.6875
lron-9,hyp7_AB_lineage,105.7875
lron-9,hyp7_C_lineage,60.1125
madd-4,AMsh,6.206250000000001
madd-4,BWM_anterior,1.21875
madd-4,BWM_far_posterior,5.71875
madd-4,BWM_head,1.5562500000000001
madd-4,BWM_posterior,1.9125
madd-4,Excretory_cell,41.587500000000006
madd-4,Excretory_gland,494.28749999999997
madd-4,GLR,36.6375
madd-4,hyp1_and_possibly_hyp2,12.056249999999999
madd-4,hyp7_AB_lineage,3.8062500000000004
madd-4,pm1_pm2,9.131250000000001
mig-6,BWM_anterior,990.3937500000001
mig-6,BWM_far_posterior,1734.65625
mig-6,BWM_head,432.22499999999997
mig-6,BWM_neck,542.7562500000001
mig-6,BWM_posterior,1856.2499999999998
mig-6,Coelomocyte,3169.8312499999997
mig-6,GLR,3915.1125
mig-6,Intestine_anterior,12.39375
mig-6,Intestine_far_posterior,13.162500000000001
mig-6,Intestine_middle_and_posterior,6.300000000000001
mig-6,M_cell,6341.04375
mig-6,Tail_hypodermis,7.9125000000000005
mig-6,Z1_Z4,2847.3374999999996
mig-6,hmc,4262.9625
mig-6,hyp7_AB_lineage,2.4375
mig-6,hyp7_C_lineage,8.00625
mig-6,mu_int_mu_anal,4255.275
mig-6,mu_sph,2803.03125
mig-6,pm3_pm4_pm5,3.9375
ncam-1,AMsh,19.74375
ncam-1,BWM_anterior,13.3875
ncam-1,BWM_far_posterior,6.375
ncam-1,BWM_head,13.6125
ncam-1,BWM_posterior,9.58125
ncam-1,CEPso,49.87499999999999
ncam-1,Coelomocyte,38.8875
ncam-1,Excretory_cell,22.1625
ncam-1,Excretory_gland,97.03750000000001
ncam-1,G2_and_W_blasts,2543.1375
ncam-1,GLR,578.3249999999999
ncam-1,ILso,143.25
ncam-1,Intestine_anterior,59.025000000000006
ncam-1,Intestine_middle_and_posterior,8.90625
ncam-1,MC,528.6375
ncam-1,M_cell,10.837499999999999
ncam-1,NSM,44.1375
ncam-1,P_cell,67.29375
ncam-1,Pharyngeal_intestinal_valve,929.4000000000001
ncam-1,Posterior_arcade_cell,35.325
ncam-1,Seam_cell,98.3625
ncam-1,Tail_hypodermis,163.51875
ncam-1,Z1_Z4,15.206249999999999
ncam-1,g1,129.05624999999998
ncam-1,g2,1528.8937500000002
ncam-1,hmc,226.72500000000002
ncam-1,hyp1_and_possibly_hyp2,20.71875
ncam-1,hyp3,431.79375000000005
ncam-1,hyp4_hyp5_hyp6,163.575
ncam-1,hyp7_AB_lineage,99.93750000000001
ncam-1,mc1,311.71875
ncam-1,mc2,839.23125
ncam-1,mc3,525.6374999999999
ncam-1,pm1_pm2,275.32500000000005
ncam-1,pm3_pm4_pm5,1539.88125
ncam-1,pm6,618.7125
ncam-1,pm7,465.67499999999995
nlg-1,BWM_anterior,41.8125
nlg-1,BWM_far_posterior,70.89375
nlg-1,BWM_head,58.21875
nlg-1,BWM_neck,64.275
nlg-1,BWM_posterior,46.443749999999994
nlg-1,CEPso,11.587499999999999
nlg-1,hyp4_hyp5_hyp6,2.0999999999999996
nlg-1,hyp7_AB_lineage,1.0125000000000002
nlg-1,pm3_pm4_pm5,25.650000000000002
nlr-1,AMsh,16.162499999999998
nlr-1,BWM_anterior,48.16875
nlr-1,BWM_far_posterior,29.287499999999998
nlr-1,BWM_head,53.493750000000006
nlr-1,BWM_neck,61.762499999999996
nlr-1,BWM_posterior,61.275000000000006
nlr-1,Coelomocyte,8.25
nlr-1,Excretory_cell,11.98125
nlr-1,Excretory_gland,449.64375
nlr-1,GLR,235.14374999999998
nlr-1,MC,56.0625
nlr-1,M_cell,17.475
nlr-1,NSM,24.693749999999998
nlr-1,Z1_Z4,9.899999999999999
nlr-1,g1,31.237500000000004
nlr-1,hmc,18.0
nlr-1,hyp1_and_possibly_hyp2,5.418749999999999
nlr-1,hyp4_hyp5_hyp6,5.081250000000001
nlr-1,hyp7_AB_lineage,2.2125
nlr-1,mc1,34.2375
nlr-1,mc2,17.30625
nlr-1,mc3,34.087500000000006
nlr-1,mu_int_mu_anal,94.16250000000001
nlr-1,mu_sph,32.775000000000006
nlr-1,pm1_pm2,60.6
nlr-1,pm3_pm4_pm5,19.518749999999997
nlr-1,pm6,7.762499999999999
nlr-1,pm7,26.118750000000002
nrx-1,Excretory_gland,17.831249999999997
nrx-1,MC,45.825
oig-2,BWM_anterior,109.57500000000002
oig-2,BWM_far_posterior,37.293749999999996
oig-2,BWM_head,93.9
oig-2,BWM_neck,102.15
oig-2,BWM_posterior,103.425
oig-2,M_cell,1.125
oig-2,Z1_Z4,1.3125
oig-3,BWM_posterior,2.9999999999999996
oig-3,Coelomocyte,2.3062500000000004
oig-3,Seam_cell,22.612499999999997
oig-3,mc2,25.293750000000003
oig-3,mc3,11.4375
oig-3,pm1_pm2,21.150000000000002
oig-3,pm3_pm4_pm5,106.48124999999999
oig-3,pm6,56.231249999999996
oig-3,pm7,39.9375
oig-4,BWM_anterior,23.812500000000004
oig-4,BWM_far_posterior,3.9000000000000004
oig-4,BWM_head,21.65625
oig-4,BWM_neck,32.34375
oig-4,BWM_posterior,31.2
oig-4,M_cell,40.3125
oig-8,Seam_cell,27.7125
oig-8,hyp7_AB_lineage,1.7999999999999998
pan-1,AMsh,161.88750000000002
pan-1,AMso,33.806250000000006
pan-1,Anterior_arcade_cell,89.7375
pan-1,BWM_anterior,88.1625
pan-1,BWM_far_posterior,87.45000000000002
pan-1,BWM_head,106.9875
pan-1,BWM_neck,85.05
pan-1,BWM_posterior,91.2375
pan-1,CEPso,71.28750000000001
pan-1,Coelomocyte,79.6125
pan-1,Excretory_cell,98.39999999999999
pan-1,Excretory_gland,178.425
pan-1,G2_and_W_blasts,22.63125
pan-1,GLR,176.17499999999998
pan-1,ILso,28.518749999999997
pan-1,Intestine_anterior,30.80625
pan-1,Intestine_far_posterior,18.150000000000002
pan-1,Intestine_middle_and_posterior,13.256250000000001
pan-1,MC,162.75
pan-1,M_cell,81.71249999999999
pan-1,NSM,91.6875
pan-1,P_cell,35.7
pan-1,Pharyngeal_intestinal_valve,135.75
pan-1,Posterior_arcade_cell,75.52499999999999
pan-1,Seam_cell,52.837500000000006
pan-1,Tail_hypodermis,62.64375
pan-1,Z1_Z4,52.462500000000006
pan-1,g1,138.65625
pan-1,g2,148.8375
pan-1,hmc,38.2875
pan-1,hyp1_and_possibly_hyp2,183.24375
pan-1,hyp3,69.9
pan-1,hyp4_hyp5_hyp6,38.64375
pan-1,hyp7_AB_lineage,31.275000000000002
pan-1,hyp7_C_lineage,25.93125
pan-1,mc1,52.162499999999994
pan-1,mc2,95.45625
pan-1,mc3,65.90625
pan-1,mu_int_mu_anal,150.9375
pan-1,mu_sph,107.08125
pan-1,pm1_pm2,135.09375
pan-1,pm3_pm4_pm5,94.05000000000001
pan-1,pm6,66.05625
pan-1,pm7,90.28125
ptp-3,AMsh,40.35
ptp-3,BWM_anterior,22.51875
ptp-3,BWM_far_posterior,62.7375
ptp-3,BWM_head,11.681249999999999
ptp-3,BWM_neck,24.46875
ptp-3,BWM_posterior,51.20625
ptp-3,CEPso,47.681250000000006
ptp-3,Coelomocyte,4.425000000000001
ptp-3,Excretory_cell,135.3375
ptp-3,Excretory_gland,93.26249999999999
ptp-3,G2_and_W_blasts,61.537499999999994
ptp-3,GLR,134.79375
ptp-3,ILso,8.26875
ptp-3,Intestine_anterior,10.3125
ptp-3,Intestine_far_posterior,2.23125
ptp-3,Intestine_middle_and_posterior,3.3187499999999996
ptp-3,MC,175.1625
ptp-3,M_cell,138.1125
ptp-3,P_cell,28.95
ptp-3,Pharyngeal_intestinal_valve,78.61874999999999
ptp-3,Posterior_arcade_cell,25.762500000000003
ptp-3,Seam_cell,5.887499999999999
ptp-3,Tail_hypodermis,38.043749999999996
ptp-3,Z1_Z4,73.95
ptp-3,g1,9.899999999999999
ptp-3,g2,72.9375
ptp-3,hmc,230.30624999999998
ptp-3,hyp1_and_possibly_hyp2,14.71875
ptp-3,hyp3,24.543750000000003
ptp-3,hyp4_hyp5_hyp6,50.662499999999994
ptp-3,hyp7_AB_lineage,34.03125
ptp-3,hyp7_C_lineage,5.90625
ptp-3,mc1,11.98125
ptp-3,mc2,15.20625
ptp-3,mc3,12.5625
ptp-3,mu_int_mu_anal,146.08124999999998
ptp-3,mu_sph,280.3125
ptp-3,pm1_pm2,26.400000000000002
ptp-3,pm3_pm4_pm5,34.0875
ptp-3,pm6,34.78125
ptp-3,pm7,22.81875
ptp-4,Anterior_arcade_cell,120.15
ptp-4,Coelomocyte,5.94375
ptp-4,Excretory_cell,3.8062500000000004
ptp-4,Excretory_gland,293.29375
ptp-4,MC,302.60625
ptp-4,g1,127.94999999999999
ptp-4,g2,109.14375000000001
ptp-4,hmc,78.3375
ptp-4,hyp1_and_possibly_hyp2,38.099999999999994
ptp-4,mc1,3.9562500000000003
ptp-4,pm1_pm2,6.6937500000000005
ptp-4,pm3_pm4_pm5,0.9562499999999999
pxn-1,hyp7_C_lineage,0.28125
pxn-1,mu_int_mu_anal,8.15625
pxn-2,BWM_anterior,102.82499999999999
pxn-2,BWM_far_posterior,73.3875
pxn-2,BWM_head,302.2125
pxn-2,BWM_neck,104.3625
pxn-2,BWM_posterior,37.81875000000001
pxn-2,Excretory_cell,18.76875
pxn-2,GLR,4.331250000000001
pxn-2,Intestine_middle_and_posterior,0.26249999999999996
pxn-2,M_cell,9.16875
pxn-2,Z1_Z4,27.0
pxn-2,hyp7_AB_lineage,12.28125
pxn-2,hyp7_C_lineage,25.81875
pxn-2,mu_int_mu_anal,48.13125000000001
pxn-2,mu_sph,21.299999999999997
rig-1,AMsh,4.050000000000001
rig-1,Anterior_arcade_cell,110.15625
rig-1,BWM_anterior,20.175
rig-1,BWM_far_posterior,29.71875
rig-1,BWM_head,32.493750000000006
rig-1,BWM_neck,43.125
rig-1,BWM_posterior,39.09375
rig-1,Coelomocyte,40.05
rig-1,Excretory_cell,27.131249999999998
rig-1,Excretory_gland,14.043750000000001
rig-1,GLR,62.25000000000001
rig-1,Intestine_anterior,0.675
rig-1,Intestine_middle_and_posterior,0.8624999999999999
rig-1,M_cell,80.625
rig-1,NSM,25.706249999999997
rig-1,P_cell,14.5125
rig-1,Pharyngeal_intestinal_valve,62.81250000000001
rig-1,Posterior_arcade_cell,110.60624999999999
rig-1,Seam_cell,1.1437499999999998
rig-1,Tail_hypodermis,15.05625
rig-1,Z1_Z4,3.3562499999999997
rig-1,g1,17.737499999999997
rig-1,g2,10.8
rig-1,hmc,43.7625
rig-1,hyp1_and_possibly_hyp2,52.275
rig-1,hyp4_hyp5_hyp6,7.2749999999999995
rig-1,hyp7_AB_lineage,22.29375
rig-1,hyp7_C_lineage,17.56875
rig-1,mc1,29.212500000000002
rig-1,mc2,50.8125
rig-1,mc3,43.33125
rig-1,mu_int_mu_anal,26.775000000000002
rig-1,pm1_pm2,38.456250000000004
rig-1,pm3_pm4_pm5,68.34375
rig-1,pm6,6.206250000000001
rig-1,pm7,32.68125
rig-3,AMsh,13.668750000000001
rig-3,BWM_posterior,0.58125
rig-3,G2_and_W_blasts,186.13125000000002
rig-3,MC,423.22499999999997
rig-3,P_cell,57.0
rig-3,Seam_cell,17.55
rig-3,Tail_hypodermis,9.712499999999999
rig-3,g1,149.41875
rig-3,hmc,27.0
rig-3,hyp4_hyp5_hyp6,21.299999999999997
rig-3,hyp7_AB_lineage,16.0125
rig-3,hyp7_C_lineage,3.8999999999999995
rig-3,mc1,1.59375
rig-3,mc2,283.9875
rig-3,pm1_pm2,367.5375
rig-3,pm3_pm4_pm5,26.812499999999996
rig-3,pm7,36.8625
rig-4,AMsh,159.89999999999998
rig-4,AMso,73.23750000000001
rig-4,Anterior_arcade_cell,16.3125
rig-4,BWM_anterior,19.65
rig-4,BWM_head,23.8125
rig-4,BWM_neck,18.674999999999997
rig-4,BWM_posterior,14.587499999999999
rig-4,CEPso,223.36874999999998
rig-4,Coelomocyte,44.868750000000006
rig-4,Excretory_cell,66.0
rig-4,Excretory_gland,223.48125
rig-4,G2_and_W_blasts,42.974999999999994
rig-4,GLR,27.299999999999997
rig-4,ILso,97.18125
rig-4,Intestine_anterior,9.1875
rig-4,Intestine_far_posterior,12.46875
rig-4,Intestine_middle_and_posterior,4.275
rig-4,MC,189.99375
rig-4,M_cell,22.518749999999997
rig-4,P_cell,48.75
rig-4,Pharyngeal_intestinal_valve,81.9375
rig-4,Posterior_arcade_cell,51.918749999999996
rig-4,Seam_cell,36.05625
rig-4,Tail_hypodermis,41.606249999999996
rig-4,Z1_Z4,367.36875
rig-4,g1,56.0625
rig-4,hmc,201.43124999999998
rig-4,hyp1_and_possibly_hyp2,24.731250000000003
rig-4,hyp3,32.41875
rig-4,hyp4_hyp5_hyp6,56.90625000000001
rig-4,hyp7_AB_lineage,37.40625
rig-4,hyp7_C_lineage,17.79375
rig-4,mc1,60.637499999999996
rig-4,mc2,42.712500000000006
rig-4,mc3,104.00625
rig-4,pm1_pm2,194.775
rig-4,pm3_pm4_pm5,159.39375
rig-4,pm6,72.075
rig-4,pm7,71.25
rig-5,BWM_anterior,1.96875
rig-5,BWM_far_posterior,9.412500000000001
rig-5,BWM_head,6.1875
rig-5,CEPso,53.71875
rig-5,Coelomocyte,11.1
rig-5,ILso,11.175
rig-5,MC,44.099999999999994
rig-5,NSM,9.73125
rig-5,Tail_hypodermis,12.149999999999999
rig-5,g1,4.706250000000001
rig-5,hmc,7.3125
rig-5,hyp1_and_possibly_hyp2,64.85624999999999
rig-5,hyp7_AB_lineage,2.5125
rig-5,mu_int_mu_anal,8.34375
rig-5,pm3_pm4_pm5,11.756250000000001
rig-6,BWM_anterior,20.71875
rig-6,BWM_far_posterior,2.8125
rig-6,BWM_head,16.59375
rig-6,BWM_neck,74.26875
rig-6,BWM_posterior,18.543750000000003
rig-6,Coelomocyte,2.34375
rig-6,Excretory_cell,60.824999999999996
rig-6,Excretory_gland,181.03125
rig-6,GLR,1037.85
rig-6,Intestine_anterior,8.15625
rig-6,Intestine_far_posterior,1.9500000000000002
rig-6,Intestine_middle_and_posterior,11.868750000000002
rig-6,M_cell,58.668749999999996
rig-6,P_cell,1.40625
rig-6,g1,27.58125
rig-6,hyp7_C_lineage,4.48125
rig-6,mc1,1.7999999999999998
rig-6,mc2,6.75
rig-6,mc3,50.25
rig-6,mu_int_mu_anal,41.4375
rig-6,pm1_pm2,37.7625
rig-6,pm3_pm4_pm5,99.63749999999999
rig-6,pm7,120.76874999999998
sax-3,AMsh,368.88750000000005
sax-3,BWM_anterior,46.10625
sax-3,BWM_far_posterior,41.00625
sax-3,BWM_head,101.25
sax-3,BWM_neck,16.9875
sax-3,BWM_posterior,52.96875
sax-3,CEPso,71.64375
sax-3,Coelomocyte,106.46875000000001
sax-3,Excretory_cell,69.6
sax-3,Excretory_gland,181.52499999999998
sax-3,G2_and_W_blasts,102.09375
sax-3,GLR,75.09375
sax-3,Intestine_anterior,3.6374999999999997
sax-3,Intestine_middle_and_posterior,1.36875
sax-3,MC,207.9
sax-3,M_cell,38.9625
sax-3,NSM,32.53125
sax-3,P_cell,34.96875
sax-3,Pharyngeal_intestinal_valve,20.287499999999998
sax-3,Seam_cell,37.5
sax-3,Tail_hypodermis,63.825
sax-3,Z1_Z4,14.625
sax-3,g1,42.375
sax-3,g2,12.862499999999999
sax-3,hmc,10.556249999999999
sax-3,hyp1_and_possibly_hyp2,33.131249999999994
sax-3,hyp3,9.95625
sax-3,hyp4_hyp5_hyp6,25.03125
sax-3,hyp7_AB_lineage,27.525000000000002
sax-3,hyp7_C_lineage,8.26875
sax-3,mc1,8.399999999999999
sax-3,mc2,30.61875
sax-3,mc3,13.3125
sax-3,mu_int_mu_anal,26.2875
sax-3,pm1_pm2,36.24375
sax-3,pm3_pm4_pm5,37.2375
sax-3,pm6,16.950000000000003
sax-3,pm7,23.64375
sax-7,AMsh,284.2875
sax-7,BWM_anterior,37.66875
sax-7,BWM_far_posterior,44.3625
sax-7,BWM_head,42.54375
sax-7,BWM_neck,29.86875
sax-7,BWM_posterior,30.375
sax-7,CEPso,58.59375000000001
sax-7,Coelomocyte,44.456250000000004
sax-7,Excretory_cell,203.3625
sax-7,Excretory_gland,243.05625
sax-7,G2_and_W_blasts,109.63125000000001
sax-7,GLR,698.8125
sax-7,ILso,49.199999999999996
sax-7,MC,334.6875
sax-7,M_cell,19.48125
sax-7,NSM,41.0625
sax-7,P_cell,125.19375
sax-7,Seam_cell,57.05625
sax-7,Tail_hypodermis,75.7125
sax-7,Z1_Z4,84.525
sax-7,g1,143.625
sax-7,hmc,29.606249999999996
sax-7,hyp1_and_possibly_hyp2,41.681250000000006
sax-7,hyp3,41.325
sax-7,hyp4_hyp5_hyp6,109.61250000000001
sax-7,hyp7_AB_lineage,26.08125
sax-7,hyp7_C_lineage,28.650000000000002
sax-7,mc1,23.49375
sax-7,mc2,52.612500000000004
sax-7,mc3,66.76875000000001
sax-7,mu_int_mu_anal,25.050000000000004
sax-7,mu_sph,27.825000000000003
sax-7,pm1_pm2,71.8125
sax-7,pm3_pm4_pm5,107.41875
sax-7,pm6,25.275000000000002
sax-7,pm7,68.3625
slt-1,AMsh,804.28125
slt-1,AMso,244.01250000000002
slt-1,Anterior_arcade_cell,213.69375
slt-1,BWM_anterior,11.25
slt-1,BWM_far_posterior,25.4625
slt-1,BWM_head,69.24375
slt-1,BWM_neck,113.17500000000001
slt-1,BWM_posterior,38.49375
slt-1,CEPso,257.1375
slt-1,Coelomocyte,9.84375
slt-1,Excretory_cell,12.1875
slt-1,Intestine_anterior,15.562499999999998
slt-1,Pharyngeal_intestinal_valve,79.2375
slt-1,Posterior_arcade_cell,550.3874999999999
slt-1,hyp1_and_possibly_hyp2,603.4312500000001
slt-1,hyp3,314.60625000000005
slt-1,hyp4_hyp5_hyp6,99.54375000000002
slt-1,mc2,7.293749999999999
slt-1,mc3,117.93749999999999
sma-10,Intestine_anterior,8.71875
sma-10,Intestine_far_posterior,2.45625
sma-10,Intestine_middle_and_posterior,2.94375
sma-10,P_cell,3.8625000000000003
sma-10,Tail_hypodermis,0.8624999999999999
sma-10,Z1_Z4,3.7874999999999996
sma-10,hyp4_hyp5_hyp6,4.143750000000001
sma-10,hyp7_AB_lineage,5.625
sma-10,hyp7_C_lineage,9.600000000000001
sma-10,mc2,4.668749999999999
sma-10,pm3_pm4_pm5,5.94375
syg-1,AMsh,11.399999999999999
syg-1,Anterior_arcade_cell,12.862499999999999
syg-1,BWM_anterior,161.83125
syg-1,BWM_far_posterior,104.15625
syg-1,BWM_head,118.98750000000001
syg-1,BWM_neck,154.33124999999998
syg-1,BWM_posterior,178.78125
syg-1,Coelomocyte,34.25625
syg-1,GLR,32.625
syg-1,MC,155.625
syg-1,M_cell,7.4437500000000005
syg-1,Z1_Z4,6.1875
syg-1,hyp4_hyp5_hyp6,0.9375
syg-1,hyp7_AB_lineage,0.7124999999999999
syg-1,mu_int_mu_anal,15.412499999999998
syg-1,pm1_pm2,94.0125
syg-2,BWM_anterior,276.95625
syg-2,BWM_far_posterior,204.75000000000003
syg-2,BWM_head,232.85625
syg-2,BWM_neck,284.86875
syg-2,BWM_posterior,340.40625
syg-2,CEPso,12.206249999999999
syg-2,Coelomocyte,24.318749999999998
syg-2,Excretory_gland,366.29375000000005
syg-2,GLR,26.25
syg-2,Intestine_middle_and_posterior,0.9937499999999999
syg-2,M_cell,72.13125
syg-2,P_cell,4.5
syg-2,Z1_Z4,11.756250000000001
syg-2,hyp7_AB_lineage,6.637499999999999
syg-2,hyp7_C_lineage,4.6125
syg-2,mc2,17.55
syg-2,mu_int_mu_anal,11.64375
syg-2,mu_sph,23.2875
sym-1,AMso,341.025
sym-1,BWM_posterior,2.45625
sym-1,CEPso,254.98125
sym-1,G2_and_W_blasts,2485.2375
sym-1,P_cell,2616.8812500000004
sym-1,Seam_cell,1877.71875
sym-1,Tail_hypodermis,2770.2749999999996
sym-1,g2,153.8625
sym-1,hyp3,2103.39375
sym-1,hyp4_hyp5_hyp6,2680.44375
sym-1,hyp7_AB_lineage,2889.73125
sym-1,hyp7_C_lineage,2399.3812500000004
tol-1,AMsh,65.2125
tol-1,AMso,124.44375000000001
tol-1,Anterior_arcade_cell,158.71875
tol-1,BWM_anterior,88.725
tol-1,BWM_far_posterior,90.09375
tol-1,BWM_head,80.025
tol-1,BWM_neck,75.89999999999999
tol-1,BWM_posterior,107.08125
tol-1,CEPso,146.21249999999998
tol-1,Coelomocyte,289.3875
tol-1,Excretory_cell,116.69999999999999
tol-1,Excretory_gland,221.51874999999995
tol-1,G2_and_W_blasts,80.23124999999999
tol-1,GLR,236.55
tol-1,ILso,11.79375
tol-1,Intestine_anterior,4.5
tol-1,Intestine_middle_and_posterior,3.1125000000000003
tol-1,M_cell,73.35
tol-1,P_cell,15.168750000000003
tol-1,Pharyngeal_intestinal_valve,68.28750000000001
tol-1,Posterior_arcade_cell,91.3125
tol-1,Seam_cell,7.25625
tol-1,Tail_hypodermis,64.4625
tol-1,Z1_Z4,17.924999999999997
tol-1,g1,10.70625
tol-1,hmc,166.14375
tol-1,hyp1_and_possibly_hyp2,194.55
tol-1,hyp3,9.16875
tol-1,hyp4_hyp5_hyp6,17.175
tol-1,hyp7_AB_lineage,22.443749999999998
tol-1,hyp7_C_lineage,9.675
tol-1,mc1,9.506250000000001
tol-1,mc2,3.5999999999999996
tol-1,mc3,4.9125
tol-1,mu_int_mu_anal,111.28125
tol-1,mu_sph,27.618750000000002
tol-1,pm3_pm4_pm5,24.24375
tol-1,pm6,9.8625
tol-1,pm7,40.181250000000006
unc-40,AMsh,33.675000000000004
unc-40,BWM_anterior,60.375
unc-40,BWM_far_posterior,42.09375000000001
unc-40,BWM_head,34.10625
unc-40,BWM_neck,34.9875
unc-40,BWM_posterior,52.199999999999996
unc-40,CEPso,12.262500000000001
unc-40,Coelomocyte,28.668749999999996
unc-40,Excretory_cell,69.075
unc-40,Excretory_gland,201.6375
unc-40,G2_and_W_blasts,23.700000000000003
unc-40,GLR,126.13125
unc-40,ILso,45.05625
unc-40,Intestine_anterior,6.6
unc-40,Intestine_far_posterior,4.21875
unc-40,Intestine_middle_and_posterior,5.71875
unc-40,MC,93.30000000000001
unc-40,M_cell,67.425
unc-40,NSM,19.8375
unc-40,P_cell,12.45
unc-40,Pharyngeal_intestinal_valve,40.5375
unc-40,Seam_cell,17.86875
unc-40,Tail_hypodermis,14.568749999999998
unc-40,Z1_Z4,65.625
unc-40,g1,41.4375
unc-40,hmc,124.64999999999999
unc-40,hyp1_and_possibly_hyp2,18.75
unc-40,hyp3,82.03125
unc-40,hyp4_hyp5_hyp6,11.00625
unc-40,hyp7_AB_lineage,10.725
unc-40,hyp7_C_lineage,5.30625
unc-40,mc1,18.50625
unc-40,mc2,5.793749999999999
unc-40,mc3,23.68125
unc-40,mu_int_mu_anal,86.26875
unc-40,mu_sph,140.64375
unc-40,pm1_pm2,42.0375
unc-40,pm3_pm4_pm5,45.787499999999994
unc-40,pm6,28.931250000000002
unc-40,pm7,31.65
unc-5,AMsh,52.35
unc-5,Anterior_arcade_cell,236.66249999999997
unc-5,BWM_anterior,107.53125
unc-5,BWM_far_posterior,63.82499999999999
unc-5,BWM_head,49.7625
unc-5,BWM_neck,97.275
unc-5,BWM_posterior,128.38125
unc-5,CEPso,143.70000000000002
unc-5,Coelomocyte,3.1312499999999996
unc-5,Excretory_cell,85.72500000000001
unc-5,GLR,4.8375
unc-5,ILso,153.9375
unc-5,Intestine_anterior,11.700000000000001
unc-5,Intestine_far_posterior,16.575
unc-5,Intestine_middle_and_posterior,10.9875
unc-5,MC,172.08750000000003
unc-5,M_cell,17.41875
unc-5,NSM,33.09375
unc-5,P_cell,10.89375
unc-5,Pharyngeal_intestinal_valve,97.275
unc-5,Posterior_arcade_cell,118.05000000000001
unc-5,Seam_cell,25.443749999999994
unc-5,Tail_hypodermis,53.325
unc-5,Z1_Z4,29.71875
unc-5,g1,287.6625
unc-5,hmc,39.974999999999994
unc-5,hyp1_and_possibly_hyp2,167.7375
unc-5,hyp3,99.95625000000001
unc-5,hyp7_AB_lineage,28.518750000000004
unc-5,hyp7_C_lineage,31.5375
unc-5,mc1,4.5
unc-5,mc2,15.693750000000001
unc-5,mc3,78.1875
unc-5,mu_int_mu_anal,13.10625
unc-5,pm1_pm2,37.14375
unc-5,pm3_pm4_pm5,28.799999999999997
unc-5,pm6,74.71875
unc-5,pm7,11.79375
unc-52,BWM_anterior,26.75625
unc-52,BWM_head,10.350000000000001
unc-52,BWM_neck,115.89375000000001
unc-52,BWM_posterior,48.431250000000006
unc-52,G2_and_W_blasts,153.675
unc-52,M_cell,24.224999999999998
unc-52,P_cell,325.875
unc-52,Seam_cell,68.7
unc-52,Tail_hypodermis,175.9125
unc-52,Z1_Z4,2.79375
unc-52,hyp4_hyp5_hyp6,520.5375
unc-52,hyp7_AB_lineage,407.5875
unc-52,hyp7_C_lineage,183.20625
unc-52,mc3,409.01250000000005
unc-52,pm1_pm2,36.3
unc-52,pm3_pm4_pm5,58.5
unc-52,pm6,106.81875000000001
unc-52,pm7,115.96875
ver-3,AMsh,203.45624999999998
ver-3,AMso,33.618750000000006
ver-3,BWM_anterior,6.69375
ver-3,BWM_far_posterior,8.90625
ver-3,BWM_head,17.79375
ver-3,BWM_neck,5.418749999999999
ver-3,BWM_posterior,8.3625
ver-3,CEPso,51.09375
ver-3,Coelomocyte,5.512500000000001
ver-3,Excretory_cell,84.3375
ver-3,Excretory_gland,55.800000000000004
ver-3,G2_and_W_blasts,24.712500000000002
ver-3,ILso,7.125
ver-3,Intestine_anterior,10.987499999999999
ver-3,Intestine_far_posterior,14.3625
ver-3,Intestine_middle_and_posterior,11.475000000000001
ver-3,M_cell,36.80625
ver-3,P_cell,48.18750000000001
ver-3,Pharyngeal_intestinal_valve,67.0125
ver-3,Seam_cell,28.743750000000002
ver-3,Tail_hypodermis,53.30625
ver-3,Z1_Z4,5.0625
ver-3,g1,36.35625
ver-3,g2,101.56875
ver-3,hyp1_and_possibly_hyp2,56.568749999999994
ver-3,hyp3,48.731249999999996
ver-3,hyp4_hyp5_hyp6,64.6125
ver-3,hyp7_AB_lineage,44.79375
ver-3,hyp7_C_lineage,50.71875
ver-3,mc1,15.975000000000001
ver-3,mc2,10.48125
ver-3,mc3,33.7875
ver-3,mu_int_mu_anal,30.581249999999997
ver-3,pm1_pm2,49.18124999999999
ver-3,pm3_pm4_pm5,6.075
ver-3,pm6,8.118749999999999
ver-3,pm7,3.9937500000000004
ver-4,BWM_anterior,4.5375
ver-4,BWM_head,6.187500000000001
ver-4,BWM_neck,6.9375
ver-4,BWM_posterior,1.59375
ver-4,Intestine_anterior,0.30000000000000004
ver-4,Intestine_middle_and_posterior,0.9937500000000001
ver-4,Seam_cell,1.35
wrk-1,AMsh,209.09999999999997
wrk-1,AMso,209.4375
wrk-1,Anterior_arcade_cell,474.20624999999995
wrk-1,BWM_anterior,1.0125000000000002
wrk-1,BWM_head,26.68125
wrk-1,BWM_neck,5.268750000000001
wrk-1,BWM_posterior,0.8062499999999999
wrk-1,CEPso,74.41875
wrk-1,Coelomocyte,3.0562500000000004
wrk-1,Excretory_cell,41.006249999999994
wrk-1,GLR,73.48125
wrk-1,ILso,304.59375
wrk-1,Intestine_anterior,76.23750000000001
wrk-1,Intestine_far_posterior,74.56875
wrk-1,Intestine_middle_and_posterior,74.8875
wrk-1,P_cell,36.91875
wrk-1,Pharyngeal_intestinal_valve,47.24999999999999
wrk-1,Posterior_arcade_cell,482.62499999999994
wrk-1,Seam_cell,14.399999999999999
wrk-1,Tail_hypodermis,226.96875
wrk-1,hmc,20.30625
wrk-1,hyp1_and_possibly_hyp2,461.90625
wrk-1,hyp3,18.3375
wrk-1,hyp4_hyp5_hyp6,44.30625
wrk-1,hyp7_AB_lineage,13.987499999999999
wrk-1,hyp7_C_lineage,54.112500000000004
zig-1,BWM_anterior,226.93124999999998
zig-1,BWM_far_posterior,353.36249999999995
zig-1,BWM_head,254.66250000000002
zig-1,BWM_neck,247.66875
zig-1,BWM_posterior,226.8
zig-1,Coelomocyte,6.46875
zig-1,GLR,45.65625000000001
zig-1,M_cell,572.775
zig-1,Z1_Z4,157.55625
zig-1,g1,4.35
zig-1,hmc,87.13125
zig-1,hyp7_C_lineage,0.44999999999999996
zig-1,mc1,2.5687499999999996
zig-1,mu_int_mu_anal,787.3687500000001
zig-1,mu_sph,647.8874999999999
zig-10,AMsh,155.41875000000002
zig-10,BWM_anterior,114.67499999999998
zig-10,BWM_head,28.068749999999998
zig-10,BWM_neck,119.23124999999999
zig-10,BWM_posterior,56.193749999999994
zig-10,Excretory_cell,82.14375000000001
zig-10,GLR,88.81875000000001
zig-10,Seam_cell,122.94375000000001
zig-10,Tail_hypodermis,33.787499999999994
zig-10,hmc,38.4375
zig-10,hyp1_and_possibly_hyp2,31.143749999999997
zig-10,hyp3,135.13125000000002
zig-10,mu_int_mu_anal,84.13125
zig-10,pm3_pm4_pm5,0.75
zig-3,P_cell,20.043750000000003
zig-3,Seam_cell,1.5750000000000002
zig-3,Tail_hypodermis,44.681250000000006
zig-3,hyp1_and_possibly_hyp2,7.6875
zig-3,hyp4_hyp5_hyp6,104.11874999999999
zig-3,hyp7_AB_lineage,112.66874999999999
zig-3,hyp7_C_lineage,34.837500000000006
zig-3,mc3,12.899999999999999
zig-3,pm3_pm4_pm5,3.4124999999999996
zig-3,pm7,9.95625
zig-4,BWM_posterior,1.21875
zig-4,P_cell,78.24375
zig-4,Pharyngeal_intestinal_valve,113.39999999999999
zig-4,Seam_cell,22.575000000000003
zig-4,Tail_hypodermis,160.5375
zig-4,g1,28.443749999999998
zig-4,hyp1_and_possibly_hyp2,32.3625
zig-4,hyp4_hyp5_hyp6,672.075
zig-4,hyp7_AB_lineage,318.65625
zig-4,hyp7_C_lineage,152.32500000000002
zig-4,mc1,360.26250000000005
zig-4,mc2,865.3687500000001
zig-4,mc3,2390.7000000000003
zig-4,pm1_pm2,234.75000000000003
zig-4,pm3_pm4_pm5,923.2874999999999
zig-4,pm6,480.65625
zig-4,pm7,1453.5375
zig-5,BWM_anterior,11.23125
zig-5,BWM_head,19.556250000000002
zig-5,BWM_neck,28.143749999999997
zig-5,BWM_posterior,3.7875
zig-5,Coelomocyte,22.25625
zig-5,MC,94.38749999999999
zig-6,BWM_anterior,3.4312500000000004
zig-6,BWM_far_posterior,490.4437500000001
zig-6,BWM_head,2726.08125
zig-6,BWM_neck,6.95625
zig-6,BWM_posterior,24.0
zig-6,Coelomocyte,2.175
zig-6,GLR,6.9750000000000005
zig-6,Tail_hypodermis,7.3500000000000005
zig-7,BWM_anterior,403.2375
zig-7,BWM_far_posterior,370.0875
zig-7,BWM_head,407.19374999999997
zig-7,BWM_neck,535.33125
zig-7,BWM_posterior,448.40625
zig-7,GLR,4.21875
zig-7,Intestine_middle_and_posterior,0.8062499999999999
zig-7,Z1_Z4,28.6875
zig-7,mu_int_mu_anal,9.243749999999999
zig-8,AMsh,52.81875
zig-8,Anterior_arcade_cell,974.8687499999999
zig-8,BWM_anterior,3.3375
zig-8,BWM_far_posterior,13.5
zig-8,BWM_head,87.24375
zig-8,BWM_neck,3.8062500000000004
zig-8,BWM_posterior,5.531249999999999
zig-8,CEPso,28.893749999999997
zig-8,Coelomocyte,18.61875
zig-8,Excretory_cell,1175.3625
zig-8,Excretory_gland,31.575000000000003
zig-8,GLR,3932.5875
zig-8,Intestine_anterior,11.662500000000001
zig-8,MC,2259.675
zig-8,M_cell,53.006249999999994
zig-8,Pharyngeal_intestinal_valve,352.33125000000007
zig-8,g2,1068.3187500000001
zig-8,hmc,99.89999999999999
zig-8,hyp1_and_possibly_hyp2,7.987500000000001
zig-8,hyp7_AB_lineage,1.6312499999999999
zig-8,hyp7_C_lineage,0.9750000000000001
zig-8,mc1,21.018749999999997
zig-8,mc2,48.543749999999996
zig-8,mu_int_mu_anal,12.168750000000001
zig-8,pm1_pm2,634.6499999999999
zig-8,pm3_pm4_pm5,42.35625
zig-8,pm6,2055.825
zig-8,pm7,23.549999999999997
zig-9,Intestine_anterior,74.51249999999999
zig-9,Intestine_far_posterior,114.41250000000001
zig-9,Intestine_middle_and_posterior,51.168749999999996
