ASJL,"['PVQL', 'ASKL']",2,5641,NR
PVPL,['AVBL'],1,62,NR
AIZL,"['RIAL', 'SMBDL']",2,371,NR
AIZL,"['AIBR', 'AVER']",1,372,NR
AWAL,['AFDL'],1,374,NR
RIML,['AIBR'],2,379,NR
ASEL,['AIYL'],3,380,NR
AIYL,"['RIAL', 'RIBL']",3,381,NR
ADFL,['RIAL'],1,382,NR
SDQL,['AVAR'],2,393,NR
ASGL,"['AIAL', 'AIBL']",2,397,NR
AIML,"['AIAL', 'ASGL']",1,398,NR
ADFL,"['SMBVL', 'RIAL']",1,400,NR
AWBL,['ADFL'],6,406,NR
AWCL,['AIYL'],3,407,NR
ASEL,['AIYL'],2,408,NR
AIZL,"['RIAL', 'SMBDL']",1,410,NR
PVPL,['AVBL'],3,10247,NR
ADFL,"['AIZL', 'RIAL']",1,419,NR
RIFL,['AVBL'],1,423,NR
ASGL,"['AIAL', 'AIBL']",2,425,NR
RIAL,"['SMDVR', 'SMDDL']",1,427,NR
SMBVL,['SAADL'],3,9584,NR
AVHL,['SMBVR'],2,434,NR
AWAL,['AFDL'],2,437,NR
AWAL,['AFDL'],1,438,NR
ASGL,"['AIAL', 'AIBL']",2,440,NR
RIFL,['AVBL'],1,442,NR
RIFL,"['AVJR', 'AVBL']",2,443,NR
ADFL,"['SMBVL', 'RIAL']",1,446,NR
AIZL,"['SMBVL', 'SMBDL']",2,447,NR
FLPL,"['AVDL', 'ADEL']",19,456,NR
AIAL,['AIBL'],1,457,NR
RIFL,"['AVJR', 'AVBL']",1,459,NR
ALML,['BDUL'],3,460,NR
ALML,['PVCL'],1,461,NR
ALML,['PVCL'],1,462,NR
ALML,['PVCL'],1,463,NR
ASIL,['AWCL'],2,464,NR
ASEL,['AIYL'],3,465,NR
AWCL,['AIBL'],1,466,NR
ADLL,"['AWCL', 'AIBL']",2,467,NR
ASEL,['AIYL'],2,468,NR
AFDL,['AIYL'],5,470,NR
ADFL,"['RIAL', 'AUAL']",2,471,NR
AUAL,"['RIAL', 'RIBL']",2,473,NR
ADFL,"['RIAL', 'AUAL']",2,474,NR
AIZL,"['SMBVL', 'SMBDL']",4,479,NR
AIZL,"['RIAL', 'SMBVL']",3,480,NR
ADFL,"['SMBVL', 'AIZL', 'RIAL']",2,481,NR
RIAL,"['SMDVR', 'RMDDL']",2,485,NR
AIZL,"['RIML', 'AIBR']",5,487,NR
ASIL,['AWCR'],1,500,NR
AIZL,"['AIBR', 'AVER']",2,501,NR
SMDVL,"['RIAR', 'SMDDR']",1,505,NR
PLNL,['SMBVL'],2,9585,NR
SMBVL,['SAADL'],7,9586,NR
AIBL,"['SMDDR', 'RIMR']",3,508,NR
ASJL,['PVQL'],3,527,NR
ASJL,['PVQL'],4,528,NR
ADEL,['AVDL'],2,530,NR
ALNL,"['SMBDR', 'SAAVL']",3,9310,NR
SMBDL,['SAAVR'],3,534,NR
AIML,"['AIAL', 'ASGL', 'ASKL']",3,5657,NR
ASJL,"['PVQL', 'ASKL']",2,5658,NR
ASKL,"['AIAL', 'AIML']",2,5659,NR
AVFL,"['AVFR', 'AVBL']",2,540,NR
ALML,['PVCL'],3,542,NR
ALML,['BDUL'],1,543,NR
AIYL,['AFDL'],1,546,NR
ASHL,['AIBL'],1,547,NR
ADLL,['AIBL'],1,548,NR
ASHL,"['AVBL', 'ADLL']",4,549,NR
ALML,['PVCL'],2,550,NR
ASEL,['AIYL'],3,551,NR
AIAL,['AIBL'],1,553,NR
ASHL,['AVBL'],1,555,NR
ADAL,['AVBR'],7,556,NR
RIAL,"['SMDVR', 'RMDDL']",3,561,NR
RIAL,"['SMDDL', 'RIVR']",1,10491,NR
RIAL,['SMDVR'],1,566,NR
RIAL,"['RIVR', 'SMDVR']",1,10483,NR
CEPVL,"['RICR', 'RICL']",6,567,NR
RIAL,['SMDDL'],2,569,NR
RIML,"['SAAVR', 'SMDDL']",1,9588,NR
AIZL,"['AIBR', 'RIML', 'AVER']",4,573,NR
AIZL,['RIAL'],1,575,NR
AIZL,"['RIML', 'AIBR', 'AVER']",6,577,NR
SDQL,['AVAR'],1,579,NR
SDQL,['AVAR'],3,580,NR
SAAVL,"['RIMR', 'SMDDR']",1,583,NR
AIBL,"['SMDDR', 'RIMR']",2,584,NR
AIBL,"['SMDDR', 'RIMR']",5,586,NR
SAAVL,"['SMDDR', 'AVAL']",1,587,NR
SAAVL,"['RIMR', 'AVAL']",2,588,NR
SAAVL,"['RIMR', 'AVAL']",4,593,NR
AIML,"['ASKL', 'AIAL']",2,5645,NR
ADFL,['RIAL'],1,612,NR
AIZL,"['AIBR', 'AVER']",1,614,NR
AIZL,['RIAL'],2,616,NR
AIZL,"['AIBR', 'AVER']",1,617,NR
AIZL,"['AIBR', 'AVER']",1,624,NR
AIZL,"['RIML', 'AIBR']",1,626,NR
RIGL,['RIR'],2,627,NR
AWAL,"['AFDL', 'AIZL']",1,630,NR
AWBL,['ADFL'],2,631,NR
RIBL,"['AUAL', 'RIAL']",4,639,NR
ADFL,"['RIAL', 'AUAL']",1,640,NR
AIML,"['ASKL', 'AIAL']",2,5660,NR
SAAVL,['AVAL'],2,642,NR
RICL,"['AVAL', 'SMDDR']",3,643,NR
SAAVL,"['SMDDR', 'AVAL']",3,644,NR
RICL,['AVAL'],1,645,NR
RICL,"['AVAL', 'SMDDR']",1,646,NR
SAAVL,"['SMDDR', 'AVAL']",5,647,NR
RICL,"['AVAL', 'SMDDR']",2,648,NR
SAAVL,"['AVAL', 'RIMR']",2,649,NR
RICL,['AVAL'],2,650,NR
SAAVL,"['RIMR', 'AVAL']",4,651,NR
SAAVL,"['AVAL', 'SMDDR']",5,652,NR
SAAVL,"['SMDDR', 'AVAL']",1,654,NR
SAAVL,"['AVAL', 'RIMR']",1,658,NR
SAAVL,['AVAL'],1,4339,NR
SAAVL,"['AVAL', 'RIMR']",2,660,NR
AIBL,"['SMDDR', 'RIMR']",3,668,NR
AIBL,"['SMDDR', 'RIMR']",1,671,NR
SMDVL,"['RIAR', 'SMDDR']",2,680,NR
RIVL,['SAADR'],3,682,NR
RIVL,['RIAR'],2,689,NR
RIVL,['RMDVL'],1,691,NR
RIVL,['RMDVL'],2,692,NR
SMDVL,"['RIAR', 'SMDDR']",2,702,NR
SMDVL,"['RIAR', 'SMDDR']",3,705,NR
SMDVL,"['RIAR', 'SMDDR']",1,708,NR
RIVL,"['RMDVL', 'SIAVR']",2,713,NR
AINL,['AFDR'],1,8895,NR
RMDVL,['RMDDR'],1,745,NR
RMGL,['RMDVL'],1,758,NR
URYVL,"['RIBL', 'SMDVR', 'AVER']",1,5065,NR
OLLL,"['AVER', 'CEPVL']",3,5066,NR
SMDVL,['RIAR'],1,759,NR
RMDVL,['RMDDR'],7,761,NR
AIZL,"['AIBR', 'AVER']",1,5068,NR
RMDVL,['RMDDR'],1,763,NR
RMDVL,['RMDDR'],1,764,NR
RMDVL,['RMDDR'],11,769,NR
RMDVL,['RMDDR'],4,773,NR
RMDVL,['RMDDR'],7,779,NR
RMDVL,['RMDDR'],4,782,NR
RMDVL,['RMDDR'],1,783,NR
RMDVL,['RMDDR'],4,784,NR
RIAL,"['SMDDR', 'RIAR']",3,790,NR
RIAL,['SMDDR'],1,791,NR
RIAL,"['RMDDR', 'RMDVL']",3,793,NR
RIAL,['SMDDR'],1,794,NR
RIAL,"['SMDDR', 'SMDVL']",3,5468,NR
RIAL,['SMDDR'],2,796,NR
RIAL,['RMDVL'],2,799,NR
RIAL,"['RMDR', 'RIAR']",1,800,NR
RIAL,['RMDR'],1,801,NR
RIAL,['RMDR'],1,804,NR
RIAL,['RMDR'],1,806,NR
RIAL,"['RMDR', 'RIAR']",2,808,NR
RIAL,"['RMDDR', 'RMDVL']",2,810,NR
RIAL,"['RMDR', 'RIAR']",2,814,NR
RIAL,"['RMDVL', 'RMDDR']",2,816,NR
RIAL,['RMDVL'],1,817,NR
RIAL,"['RMDDR', 'RMDVL']",4,818,NR
RIAL,"['RMDDR', 'RMDVL']",4,819,NR
RIAL,"['RMDDR', 'RMDVL']",1,820,NR
SMDVL,['SMDDR'],2,825,NR
SMDVL,['SMDDR'],7,826,NR
SMDVL,"['RIAR', 'RIAL']",1,828,NR
SMDVL,"['RIAR', 'RIAL']",6,833,NR
RIAL,"['SMDDR', 'SMDVL']",1,834,NR
RIAL,"['SMDDR', 'SMDVL']",1,835,NR
RIAL,"['SMDDR', 'SMDVL']",1,836,NR
SMDVL,"['RIAL', 'SMDDR']",2,838,NR
SMDVL,"['RIAR', 'RIAL']",2,844,NR
SMDVL,['RIAR'],1,845,NR
SMDVL,"['RIAR', 'RIAL']",1,846,NR
SMDVL,"['RIAR', 'RIAL']",2,847,NR
SMDVL,"['RIAR', 'RIAL']",2,848,NR
SMDVL,"['RIAR', 'RIAL']",1,849,NR
SMDVL,['RIAR'],1,851,NR
RIAL,['SMDVL'],1,854,NR
RIML,['SMDDR'],1,874,NR
RIAL,"['SMDDR', 'SMDVL']",1,880,NR
RIML,"['SMDVL', 'SMDDR']",3,881,NR
RIML,"['SMDDR', 'SAAVL']",1,883,NR
RIML,['SAAVL'],1,884,NR
RIML,['SAAVL'],1,885,NR
RIML,"['SMDDR', 'SAAVL']",1,886,NR
RIML,"['SMDDR', 'SAAVL']",1,887,NR
RIML,"['SMDDR', 'SAAVL']",1,888,NR
RIML,"['RMDR', 'SMDVL']",1,890,NR
RIML,['SMDVL'],1,891,NR
RIML,['RMDR'],2,892,NR
RIML,['RMDR'],1,893,NR
RIML,['RMDR'],1,894,NR
SAAVL,['AVAL'],2,897,NR
SAAVL,"['RIML', 'AVAL']",2,896,NR
CEPDL,"['RICL', 'OLQDL']",4,4487,NR
SAAVL,"['RIML', 'AVAL']",1,900,NR
RIVL,['RMDL'],1,902,NR
RIAL,"['RMDVL', 'RMDL']",1,903,NR
RIVL,"['SIAVR', 'RMDL']",1,905,NR
RIVL,"['RMDL', 'SIAVR']",2,906,NR
RIAL,"['RMDVL', 'RMDL']",1,907,NR
RIML,"['RMDL', 'SMDDR']",3,908,NR
RIAL,['RMDL'],1,925,NR
RMDL,"['RIAL', 'RMDR']",1,9433,NR
RMDL,['RIAL'],2,929,NR
RMDL,"['RIAR', 'RIAL']",2,930,NR
RMDL,"['RMDR', 'RIAR']",2,931,NR
RMDL,"['RIAR', 'RIAL']",1,932,NR
RMDL,"['RIAR', 'RIAL']",2,933,NR
RMDL,"['RIAR', 'RIAL']",2,934,NR
RMDL,"['RIAR', 'RIAL']",1,935,NR
RMDL,['RIAR'],2,936,NR
RMDL,['RIAR'],2,937,NR
RMDL,['RIAL'],1,938,NR
RIAL,"['RMDVL', 'RMDL']",1,939,NR
RIAL,"['RMDR', 'RMDL']",1,940,NR
RMDL,"['RIAL', 'RMDR']",1,941,NR
RIAL,['RMDL'],1,942,NR
RMDL,['RIAR'],1,945,NR
RMDL,"['RIAR', 'RIAL']",1,946,NR
RMDL,"['RIAR', 'RMDR']",1,947,NR
RMDL,"['RMDVR', 'RIAR', 'RIAL']",2,3636,NR
RIAL,['SMDVR'],1,999,NR
RIAL,"['SMDVR', 'RIAR']",1,1002,NR
RIAL,"['SMDVR', 'RIAR']",2,1005,NR
RIAL,['RMDDL'],1,1035,NR
RIAL,['RMDDL'],1,1036,NR
IL1L,['RMDDL'],3,1039,NR
IL2DL,['RIPL'],1,4015,NR
OLLL,"['AVER', 'CEPDL']",1,5127,NR
RICL,"['AVAL', 'AVAR']",1,4341,NR
RIVL,['SAADR'],1,1042,NR
RIAL,['SMDDL'],4,1047,NR
RIML,"['SAAVR', 'SMDDL']",2,9590,NR
RIAL,"['SMDDL', 'RIAR']",1,1054,NR
RIAL,"['SMDVR', 'SMDDL']",1,1056,NR
RIAL,"['SMDVR', 'SMDDL']",3,1058,NR
SMDDL,['SMDVR'],7,1062,NR
RICL,"['SMDDL', 'AVAR']",2,1067,NR
RICL,"['SMDDL', 'AVAR']",2,1071,NR
RICL,"['SMDDL', 'AVAR']",2,1074,NR
OLQDL,['RICR'],5,1076,NR
ADAL,['AVJR'],1,10250,NR
ADAL,['AVJR'],2,10251,NR
RMDDL,['RMDVR'],2,3638,NR
ASEL,['AIBL'],1,3639,NR
ASJL,['PVQL'],1,3641,NR
ALNL,['SAAVL'],1,3497,NR
ASJL,['PVQL'],1,3548,NR
SAAVL,"['AVAL', 'RIMR']",3,3517,NR
SAAVL,['RIMR'],1,3518,NR
SAAVL,['AVAL'],1,3524,NR
RIFL,['AVBL'],1,3528,NR
RIAL,"['RMDVR', 'RMDDL']",1,1080,NR
RIAL,"['RMDVR', 'RMDDL']",1,1081,NR
RIAL,"['RMDVR', 'RMDDL']",2,1083,NR
RIAL,"['RMDVR', 'RMDDL']",3,1085,NR
RIAL,"['RMDVR', 'RMDDL']",6,1086,NR
RIAL,"['RMDVR', 'RMDDL']",4,1087,NR
RIAL,['RMDDL'],2,1093,NR
RIAL,"['RMDVR', 'RMDDL']",2,1094,NR
RIAL,"['RMDVR', 'RMDDL']",4,1098,NR
RIAL,"['RMDVR', 'RMDDL']",2,1100,NR
RIAL,"['RMDVR', 'RMDDL']",3,1105,NR
RIAL,['RMDVR'],1,1106,NR
IL1L,"['RMDDL', 'RMDVR']",1,1109,NR
IL1L,['RMDDL'],4,1111,NR
IL1L,['RMDVR'],4,1113,NR
RMDDL,['RMDVR'],1,1132,NR
RIAL,"['RMDL', 'RMDVR']",2,1135,NR
RIAL,"['RMDL', 'RMDVR', 'RMDVL']",4,1137,NR
RIAL,"['RMDVR', 'RMDL']",4,1138,NR
RMDDL,['RMDVR'],1,1140,NR
RMDDL,['RMDVR'],1,5470,NR
RMDDL,['RMDVR'],9,5471,NR
PVPL,"['AVAR', 'AVBR']",1,1167,NR
PVPL,['AVBR'],1,1168,NR
PVPL,['AVBL'],1,1171,NR
PVPL,['AVBL'],1,1173,NR
PVPL,['AVBL'],1,1174,NR
PVPL,['AVBL'],1,1175,NR
RICL,"['AVAL', 'SMDDR']",2,1177,NR
AIBL,['AVBL'],2,1184,NR
AIBL,['AVBL'],2,1186,NR
SAAVL,"['AVAL', 'RIMR']",4,1190,NR
AIBL,['RIMR'],1,1192,NR
SAAVL,"['AVAL', 'RIMR']",3,1194,NR
SAAVL,"['AVAL', 'RIMR']",2,1196,NR
SAAVL,"['RIML', 'AVAL']",2,1197,NR
AIBL,['RIMR'],1,9849,NR
AIBL,['SMDVR'],2,1200,NR
AIBL,['RIMR'],1,1201,NR
AIBL,"['SMDVR', 'RIMR']",2,1202,NR
AIBL,['RIMR'],3,1203,NR
AIBL,['RIMR'],1,1204,NR
AIBL,['RIMR'],2,1205,NR
AIAL,['AIBL'],3,1207,NR
AIAL,['AIBL'],1,1208,NR
RMDL,['RMDR'],3,1211,NR
SAAVL,"['AVAL', 'RIMR']",2,3529,NR
SAAVL,['AVAL'],1,1327,NR
SAADL,['RIMR'],2,1330,NR
ASKL,['AIAL'],1,5679,NR
ASKL,['AIAL'],1,9841,NR
ADEL,['OLLL'],1,4119,NR
SMBVL,"['SAADL', 'PLNL']",2,9593,NR
IL2VL,"['URAVL', 'RIPL']",1,5083,NR
IL2VL,"['RIPL', 'IL1VL']",1,5084,NR
IL2VL,"['RIPL', 'IL1VL']",5,5086,NR
CEPVL,['RMDDL'],1,5087,NR
CEPVL,['AVER'],3,5511,NR
AUAL,['RIBL'],1,4284,NR
AUAL,['RIBL'],1,4285,NR
ADFL,"['AUAL', 'AIZL']",1,4300,NR
ADEL,['RMDL'],4,5091,NR
AWCL,['AIYL'],1,3131,NR
ASHL,"['AVDR', 'AIBL']",1,1334,NR
AFDL,['AIYL'],2,1335,NR
ADFL,"['AIZL', 'RIAL']",1,1336,NR
ASGL,['AIAL'],2,1338,NR
PVQL,['AIAL'],1,1340,NR
ASHL,"['AVDR', 'AIAL']",2,1344,NR
AUAL,"['RIAL', 'RIBL']",1,1346,NR
ASKL,['AIAL'],1,5666,NR
ASKL,"['AIML', 'AIAL']",1,5667,NR
ASGL,['AIAL'],3,1349,NR
ASKL,['AIAL'],3,5668,NR
ASKL,['AIAL'],3,5669,NR
ADFL,"['AIZL', 'RIAL']",4,1353,NR
ASKL,['AIAL'],2,5661,NR
ALML,"['CEPVL', 'PVCL']",3,1355,NR
ADLL,"['AIBL', 'AVDR']",1,1358,NR
ASHL,"['AVDR', 'AIAL']",1,1359,NR
AWCL,"['AIYL', 'AWCR']",2,1361,NR
AIZL,"['RIML', 'AIBR']",6,1362,NR
ASJL,['PVQL'],1,1366,NR
ADLL,['AIAL'],2,5522,NR
RIFL,['AVBL'],1,1377,NR
ASGL,['AIAL'],1,9500,NR
ASGL,"['AIBL', 'AIAL']",1,9501,NR
ADLL,['AIAL'],2,1414,NR
ASGL,"['AIBL', 'AIAL']",1,1385,NR
AIZL,"['RIML', 'AIBR']",2,1393,NR
ADFL,"['AIZL', 'RIAL']",4,1394,NR
ASIL,['ASGL'],1,1396,NR
ADLL,['AIAL'],1,9502,NR
ASHL,"['AVDR', 'AIAL']",2,9503,NR
ASHL,"['AVDR', 'AIAL']",1,9504,NR
ADLL,"['AIBL', 'AVDR']",5,1413,NR
ADLL,['AIAL'],3,1414,NR
ASKL,['AIAL'],1,9150,NR
ASKL,"['AIBL', 'AIAL']",1,5671,NR
ADLL,['AIAL'],1,1430,NR
AIZL,"['AIAL', 'AIBL']",1,1418,NR
AIZL,"['RIML', 'AIBR']",1,1421,NR
AUAL,"['RIAL', 'RIBL']",2,1424,NR
RIFL,['AVBL'],1,1426,NR
ASKL,"['AIAL', 'AIBL']",1,5672,NR
ADLL,['AIAL'],1,1429,NR
AIAL,['AIBL'],1,1431,NR
AWCL,['AIYL'],2,1432,NR
AWCL,['AIYL'],1,1433,NR
ADLL,['AIBL'],2,1435,NR
ASHL,"['AIBL', 'AIAL']",1,1511,NR
AIZL,['AIBL'],1,1436,NR
ADLL,"['AIAL', 'AIBL']",2,1439,NR
AVJL,['AVBR'],1,1461,NR
CEPVL,"['RICL', 'RICR']",6,1472,NR
URXL,['RIAL'],1,1475,NR
AWBL,"['ADFL', 'AIZL']",1,1476,NR
PVCL,['AVBR'],1,1477,NR
ASHL,['AVBL'],2,1479,NR
ASHL,['AVAL'],1,1480,NR
ASHL,['AVDR'],1,1482,NR
ADLL,['AVDR'],2,1485,NR
ADLL,['AVDR'],3,1486,NR
RIFL,['AVBL'],1,1488,NR
ASHL,['AVDR'],1,1489,NR
ALML,['BDUL'],1,1490,NR
AIAL,['AIBL'],3,1492,NR
ASJL,['PVQL'],3,1493,NR
AIAL,['AIBL'],1,1494,NR
AIZL,"['ASEL', 'AIAL']",1,1495,NR
AIZL,"['AIAL', 'ASEL', 'AIBL']",2,1496,NR
AIZL,"['AIAL', 'ASEL']",1,1497,NR
AIAL,['AIBL'],1,1498,NR
ASEL,"['AIAL', 'AIBL']",1,1499,NR
AFDL,['AIYL'],2,1500,NR
ADLL,['ASEL'],1,1503,NR
ADLL,['AIBL'],1,1504,NR
AWAL,['AIZL'],1,1505,NR
AUAL,"['RIAL', 'RIBL']",1,1508,NR
AWAL,['AIZL'],1,1509,NR
ASHL,['AIAL'],1,1511,NR
AWBL,"['ADFL', 'AIZL']",1,1512,NR
ASEL,"['AIAL', 'AIBL']",1,1516,NR
AWCL,['AIYL'],1,1517,NR
ALNL,"['SMBDR', 'SAAVL']",3,1518,NR
ALNL,['SAAVL'],1,1519,NR
ALML,['BDUL'],2,1521,NR
AFDL,['AIYL'],4,1530,NR
CEPVL,"['RICL', 'RICR']",1,1532,NR
ASHL,['AVBL'],1,1533,NR
AFDL,['AIYL'],1,1547,NR
URXL,"['RIAL', 'AUAL']",1,1550,NR
RIAL,"['SMDVR', 'RIAR', 'SMDDL']",2,1562,NR
RIAL,"['RMDDL', 'SMDVR']",1,1564,NR
SMBVL,['RMEV'],3,1568,NR
SMBVL,['RMEV'],5,1569,NR
CEPVL,['IL1VL'],1,1570,NR
ADFL,['AIZL'],1,1578,NR
AWBL,['ADFL'],1,1579,NR
ADLL,['AVDR'],1,1582,NR
ALML,['BDUL'],1,1584,NR
URXL,['RIGL'],2,1587,NR
URXL,['RIGL'],2,1588,NR
RIML,"['RIBL', 'AIBR']",2,1590,NR
AWCL,"['AIBL', 'ASIL']",1,3961,NR
ASKL,"['AIML', 'AIAL']",1,5662,NR
ADFL,"['RIAL', 'AUAL']",1,1638,NR
AWBL,['ADFL'],3,1639,NR
ADFL,['AIZL'],1,1640,NR
ADFL,"['RIAL', 'AUAL']",1,1641,NR
AUAL,['RIAL'],1,1642,NR
ADFL,['RIGL'],2,1644,NR
AWBL,"['ADFL', 'AIZL']",2,1645,NR
AWBL,"['ADFL', 'AIZL']",2,1646,NR
AIZL,['AIAL'],1,1647,NR
AWBL,"['AIZL', 'ADFL']",2,1648,NR
AWBL,['ADFL'],1,1649,NR
ADFL,"['RIR', 'AIZL']",2,1650,NR
AWBL,"['ADFL', 'AIZL']",3,1651,NR
ADFL,['AIZL'],2,1653,NR
ADFL,"['RIR', 'AIZL']",1,1654,NR
ADFL,"['RIGL', 'AUAL']",1,1656,NR
ADFL,['AIZL'],1,1657,NR
ADFL,"['AIZL', 'RIGL']",1,1658,NR
AVHL,['RIR'],1,1663,NR
AINL,['AFDR'],1,5615,NR
ADLL,"['AIBL', 'ASHL']",1,1707,NR
ADLL,['ASHL'],3,1710,NR
ASHL,['ADLL'],1,1711,NR
ADLL,"['AIBL', 'AIAL']",4,1712,NR
ASHL,['AVDR'],1,4608,NR
ADLL,['AVDL'],3,1717,NR
ADLL,['AVDL'],1,1718,NR
ADLL,"['AIBL', 'AIAL']",1,1720,NR
URYVL,"['RMDVR', 'RMDDL']",8,1735,NR
OLLL,"['RMDDL', 'AVER']",1,1743,NR
URYVL,"['RIBL', 'AVER']",1,1744,NR
URYVL,"['AVER', 'SMDVR']",4,5096,NR
URYVL,"['AVER', 'SMDVR']",2,1747,NR
URYVL,"['SMDVR', 'AVER', 'RIBL']",3,1749,NR
URYVL,['AVER'],2,1750,NR
AIZL,"['AIBR', 'AVER']",2,5474,NR
AIZL,"['AIBR', 'AVER']",1,5475,NR
ASKL,['AIAL'],1,5663,NR
ASKL,"['AIBL', 'AIAL']",1,5674,NR
ASHL,"['AVAL', 'AVDR']",1,4609,NR
AINL,['AFDR'],1,5616,NR
URYVL,"['RIBL', 'SMDVR', 'AVER']",3,5098,NR
RIML,['AIBR'],6,1808,NR
CEPDL,['URYDL'],1,1815,NR
URYDL,['AVER'],1,1817,NR
URYDL,['AVER'],2,1819,NR
URYDL,['AVER'],1,1820,NR
URYDL,['AVER'],2,1821,NR
URYDL,['AVER'],3,1822,NR
OLLL,['AVER'],1,1824,NR
URYDL,['RMDVL'],1,1828,NR
URYDL,['RMDVL'],1,1829,NR
BAGL,['RIAR'],1,1856,NR
RMDL,['IL1R'],1,1879,NR
URXL,['RIR'],1,1895,NR
URXL,['AUAL'],1,1896,NR
URXL,['RIAL'],1,1897,NR
URXL,"['RIAL', 'AUAL']",1,1898,NR
URXL,['RIAL'],2,1901,NR
URXL,['AUAL'],1,1910,NR
URXL,['AUAL'],1,1911,NR
URBL,"['URXL', 'IL1L']",6,1912,NR
URBL,"['IL1L', 'URXL']",3,1913,NR
URXL,['AVEL'],1,1914,NR
URXL,['AVEL'],1,1915,NR
URXL,['AVEL'],1,1916,NR
URBL,['URXL'],3,1918,NR
URXL,['AVEL'],3,9292,NR
URXL,['RICL'],1,1921,NR
CEPVL,['RICL'],2,1922,NR
URXL,['AVEL'],1,1923,NR
URBL,['URXL'],1,1928,NR
URBL,['URXL'],1,1929,NR
URXL,['AVEL'],2,4785,NR
ADFL,['AIZL'],1,1934,NR
URXL,['RICL'],4,1936,NR
URBL,['URXL'],2,1939,NR
URBL,['URXL'],2,1940,NR
URBL,['URXL'],2,1942,NR
URBL,['URXL'],1,1943,NR
URXL,['RICL'],1,1945,NR
URXL,['RICL'],2,1947,NR
URXL,['RIGL'],1,5441,NR
URBL,['URXL'],1,5478,NR
CEPVL,['AVER'],1,2038,NR
URAVL,['RIPL'],5,2042,NR
URAVL,['RIPL'],6,2043,NR
URAVL,['RIPL'],1,2047,NR
URAVL,['RIPL'],2,5481,NR
IL2VL,['IL1VL'],1,5101,NR
IL2VL,['URAVL'],1,5515,NR
IL2VL,"['RIPL', 'IL1VL']",2,5102,NR
IL2VL,"['URAVL', 'RIPL']",1,5103,NR
URAVL,['RMER'],1,2063,NR
URAVL,['RMER'],1,2064,NR
IL2DL,"['URADL', 'RIPL']",2,2103,NR
CEPDL,"['URADL', 'OLQDL', 'RICR']",4,2106,NR
CEPDL,['URADL'],1,2110,NR
URADL,['RIPL'],1,5422,NR
URADL,['RIPL'],1,2113,NR
URADL,['RIPL'],1,3906,NR
IL2DL,['URADL'],4,2117,NR
IL2DL,['URADL'],1,2118,NR
RIAL,"['RMDDL', 'SMDDL']",1,2130,NR
OLLL,['SMDVR'],2,2132,NR
OLLL,['SMDVR'],3,2135,NR
OLLL,['SMDVR'],3,2136,NR
RIBL,"['SMDVR', 'AVER']",1,2140,NR
RIBL,"['SMDVR', 'AVER']",1,2143,NR
SMDVL,['RIAL'],1,2150,NR
ADFL,"['SMBVL', 'SMBDL']",1,2165,NR
ADEL,['AVEL'],1,2171,NR
PLNL,"['SAADL', 'SMBVL']",1,9596,NR
SMBVL,['RMEV'],1,2178,NR
SMBVL,['RMEV'],2,2179,NR
SMBVL,['RMEV'],1,2180,NR
SMBVL,['RMEV'],3,2181,NR
OLQVL,['RMDVR'],1,2183,NR
OLLL,"['RMDDL', 'CEPVL']",1,4789,NR
AVHL,['SMBVR'],2,9639,NR
AWAL,"['AIZL', 'AFDL']",2,2221,NR
AFDL,['AIYL'],1,2222,NR
AFDL,['AIYL'],1,2224,NR
AFDL,['AIYL'],3,2225,NR
AFDL,['AIYL'],2,2226,NR
AFDL,['AIYL'],1,2228,NR
AWCL,['AIYL'],1,2229,NR
AINL,['AFDR'],1,8896,NR
AINL,['AFDR'],1,2236,NR
AINL,"['AUAR', 'AFDR']",1,2246,NR
ASGL,"['AIAL', 'AIBL']",7,2257,NR
AIML,['ASGL'],1,2258,NR
AIZL,"['AIAL', 'AIBL']",1,2262,NR
ASIL,['AIAL'],2,2263,NR
AIAL,['AIBL'],2,2264,NR
AWBL,['AIZL'],2,2265,NR
ASEL,"['AIAL', 'AIBL']",2,2266,NR
AIAL,['AIBL'],2,2267,NR
ASEL,"['AIAL', 'AIBL']",2,2268,NR
AIZL,"['AIAL', 'AIBL']",4,2274,NR
AIZL,"['AIAL', 'AIBL']",1,2276,NR
AIAL,['AIBL'],1,2278,NR
AIAL,"['AIBL', 'AWCL']",1,2282,NR
AWCL,"['AIAL', 'AIBL']",1,2283,NR
AIAL,['AIBL'],1,2292,NR
AWCL,['AIAR'],2,2321,NR
AWCL,"['AIAR', 'AIBR']",1,2327,NR
AIBL,"['SMDDR', 'RIMR']",2,2338,NR
AIBL,['RIMR'],1,2339,NR
AIBL,['RIMR'],2,2341,NR
AIBL,['RIMR'],2,2343,NR
AIBL,['RIMR'],2,2344,NR
BAGL,['RIGR'],1,2345,NR
AIBL,['AVBL'],1,2347,NR
AIBL,"['RIMR', 'RIBR']",3,2355,NR
AIBL,"['AVBL', 'RIMR']",6,2356,NR
AIBL,"['RIBR', 'RIMR']",1,2357,NR
AIBL,"['AVBL', 'RIBR']",5,2358,NR
AIBL,"['RIBR', 'AVBL']",2,2359,NR
AIBL,"['RIBR', 'RIMR']",2,2363,NR
AIBL,"['SAADL', 'RIMR']",1,9852,NR
AIBL,"['SAADL', 'RIMR']",1,9853,NR
AIBL,['RIMR'],1,2369,NR
AIBL,"['SAADL', 'RIMR']",2,2372,NR
AIBL,['RIBR'],2,2375,NR
AIBL,['RIBR'],1,2377,NR
SAADL,['RIMR'],1,2380,NR
AIBL,"['RIMR', 'SAADL']",1,2381,NR
ASKL,"['AIBL', 'AIAL']",1,5683,NR
ASKL,"['AIBL', 'AIAL']",1,5684,NR
ASKL,"['AIBL', 'AIAL']",3,5685,NR
ASKL,"['AIAL', 'AIBL']",1,5686,NR
PVQL,"['AIAL', 'ASKL']",4,5687,NR
ASJL,"['PVQL', 'ASKL']",1,5688,NR
ASJL,"['PVQL', 'ASKL']",4,5689,NR
ASEL,"['AIYL', 'AIBL']",1,2427,NR
AWCL,"['AIYL', 'AIBL']",1,2428,NR
AWCL,"['AIYL', 'AIBL']",2,2429,NR
ASEL,"['AIBL', 'AIYL']",2,2431,NR
AIAL,"['AIBL', 'ASEL']",5,2434,NR
ADLL,"['AIBL', 'ASHL']",1,2437,NR
ASHL,"['AVDR', 'AIBL', 'AIAL']",2,2440,NR
SMDDL,['RIML'],1,2441,NR
SMDDL,['RIML'],1,2442,NR
AWCL,"['AWCR', 'AIBL']",2,2443,NR
RIML,"['RMDR', 'SMDDL']",3,2445,NR
RIAL,['SMDDL'],2,2449,NR
SMDDL,['RIAR'],1,2450,NR
SMDDL,['RIAR'],1,2451,NR
SMDDL,['RIAR'],1,2452,NR
SMDDL,"['RIAR', 'SMDVR']",3,2453,NR
SMDDL,['RIAR'],1,2454,NR
RIAL,"['SMDVR', 'SMDDL', 'RIAR']",2,2456,NR
SMDDL,['RIAL'],1,2457,NR
SMDDL,['SMDVR'],1,2459,NR
SMDDL,"['SMDVR', 'RIAL']",3,2460,NR
RIAL,"['SMDDR', 'SMDDL']",1,2461,NR
SMDDL,"['RIAR', 'SMDVR']",1,2463,NR
SMDDL,['RIAR'],1,2464,NR
SMDDL,['RIAL'],1,2466,NR
ASHL,['AIBL'],1,5690,NR
SMDDL,['RIAL'],1,2482,NR
SMDDL,['RIAL'],1,2483,NR
RICL,"['SMDDL', 'AVAR']",1,2487,NR
OLLL,['RIBL'],1,2504,NR
AVKL,['RIML'],1,5444,NR
RIAL,['SMDVL'],1,2536,NR
RIAL,"['RMDL', 'SMDDR', 'RIAR']",2,2537,NR
RIAL,['SMDDR'],1,2538,NR
URYDL,['SMDDR'],3,2543,NR
OLLL,['SMDDR'],2,2548,NR
OLLL,['SMDDR'],2,2549,NR
RIAL,['SMDDR'],1,2553,NR
RIAL,['SMDDR'],1,2554,NR
OLLL,['SMDDR'],1,2555,NR
OLLL,['SMDDR'],1,2556,NR
OLLL,['SMDDR'],1,2557,NR
OLLL,['SMDDR'],1,2558,NR
RIML,['SMDDR'],1,4490,NR
RIML,['SMDDR'],1,2566,NR
AIBL,['RIMR'],1,2570,NR
SMDVL,['SMDDR'],1,2578,NR
SAAVL,"['RIMR', 'SMDDR']",1,2579,NR
SAAVL,"['RIMR', 'SMDDR']",1,2580,NR
RIAL,"['SMDDR', 'SMDVL']",1,2581,NR
RIML,['SMDDR'],1,2582,NR
RIAL,"['SMDDR', 'SMDVR']",1,2584,NR
RIAL,"['SMDDR', 'SMDVR']",1,2585,NR
RIAL,['SMDDR'],1,2586,NR
RIAL,['SMDDR'],1,2587,NR
RIAL,['SMDDR'],1,2588,NR
RIAL,['SMDVR'],1,2589,NR
RIAL,"['SMDVL', 'SMDDR']",2,2590,NR
RIVL,['SMDVL'],2,2591,NR
AIZL,"['RIML', 'AIBR']",1,9318,NR
RIML,['SMDVL'],1,2599,NR
RMFL,['RMDR'],1,2600,NR
SMDVL,['RIAR'],1,2613,NR
SMDVL,['RIAR'],1,2615,NR
SMDVL,['RIAR'],1,2616,NR
SMDVL,['RIAR'],1,2617,NR
RIAL,['SMDVL'],1,2618,NR
RIAL,"['RIAR', 'SMDVL']",1,2620,NR
SMDVL,['RIAL'],1,2630,NR
SMBVL,['RMEV'],1,9079,NR
URBL,"['IL1L', 'URXL']",1,2644,NR
OLQVL,['RICL'],2,2645,NR
IL2L,['OLQDL'],1,5583,NR
RMGL,['AVEL'],1,2706,NR
RMGL,['AVEL'],1,2707,NR
RMGL,['RMDR'],1,9861,NR
RMGL,"['RMDVL', 'RMDR']",2,2722,NR
RMGL,"['RMDVL', 'RMDR']",1,2724,NR
RMGL,"['RMDVL', 'RMDR']",3,2726,NR
RMGL,"['RMDR', 'RMDVL']",5,2727,NR
RMGL,"['RMDR', 'RMDVL']",2,2728,NR
RMGL,['RMDL'],1,2729,NR
CEPDL,['RMHR'],1,2730,NR
CEPDL,['RMHR'],1,2731,NR
RMGL,['RMDR'],1,2732,NR
RMGL,['RMDVL'],1,2870,NR
RMGL,['RMDL'],1,2744,NR
SDQL,['AVAR'],2,2766,NR
RIGL,['RIBL'],1,2775,NR
RIAL,['SIADL'],1,2813,NR
RIAL,"['SMDVR', 'SIADL']",2,2814,NR
RIAL,['SMDVR'],1,2815,NR
PVCL,['AVBR'],1,2857,NR
RICL,"['AVAR', 'SMBDL']",2,2872,NR
ALNL,['SMBDR'],1,2906,NR
ALML,['CEPDL'],1,2914,NR
ALML,['BDUL'],2,2916,NR
ALML,['CEPDL'],1,2917,NR
URBL,['URXL'],3,2923,NR
CEPDL,['OLQDL'],2,9865,NR
IL2DL,['RIPL'],1,2931,NR
ASJL,"['ASKL', 'PVQL']",1,5691,NR
ASJL,"['ASKL', 'PVQL']",1,5692,NR
AIZL,"['RIAL', 'SMBDL']",5,2951,NR
RICL,"['SMBDL', 'AVAR']",2,2952,NR
RICL,"['AVAR', 'SMDDL']",4,2953,NR
RICL,"['SMBDL', 'AVAR']",1,2954,NR
SMBDL,['RMED'],1,8860,NR
SMBDL,['SAAVR'],3,2973,NR
SMBDL,['SAAVR'],2,2974,NR
SMBDL,['RMED'],1,5488,NR
PVCL,['AVBR'],1,2999,NR
PVCL,['AVBL'],1,9765,NR
ADAL,['AVBR'],1,3013,NR
AIML,['ASJL'],1,3034,NR
AIML,['ASJL'],1,3040,NR
SAADL,['RIML'],1,3043,NR
RIML,"['AVBR', 'AIBR']",1,3047,NR
RIBL,['BAGR'],1,3049,NR
RIBL,"['AVAL', 'BAGR']",1,3050,NR
RIML,"['RIBL', 'AIBR']",1,3051,NR
RIBL,['AVAL'],1,3052,NR
RIML,"['RIBL', 'AVBR', 'AIBR']",1,3057,NR
RIML,"['AVBR', 'RIBL']",1,3058,NR
RIML,"['RIBL', 'AIBR']",1,3059,NR
RIML,['AIBR'],1,3060,NR
RIML,['AIBR'],1,3062,NR
RIML,"['RIBL', 'AIBR']",1,3063,NR
RIML,['RIBL'],1,3064,NR
RIML,"['RIBL', 'AIBR']",1,3069,NR
RIBL,"['AVEL', 'AIBR']",4,3077,NR
AUAL,"['AVEL', 'RIBL']",2,3079,NR
RIBL,"['AUAL', 'AVEL', 'AIBR']",4,3080,NR
AUAL,['RIBL'],1,3081,NR
RIGL,['AIZL'],1,3084,NR
AIZL,['AIBR'],1,3085,NR
AIZL,"['RIML', 'AIBR']",2,3087,NR
RIML,['AIBR'],1,3103,NR
AIZL,"['AIBR', 'RIML']",2,3104,NR
AIZL,['AIBR'],1,3105,NR
RIGL,['AIZL'],1,3106,NR
AWBL,['AIZL'],1,3107,NR
AWCL,"['AWCR', 'AIBR']",1,3111,NR
SAADL,"['OLLR', 'RIMR']",1,3143,NR
AINL,['AFDR'],1,3148,NR
BAGL,['RIBR'],1,3149,NR
AINL,['AUAR'],1,3150,NR
AINL,"['BAGL', 'RIBR']",2,3152,NR
AINL,"['BAGL', 'RIBR']",1,3154,NR
AINL,['BAGL'],1,3157,NR
ASEL,"['AIBL', 'AIYL']",1,8897,NR
URBL,['CEPDL'],1,3172,NR
CEPDL,"['OLQDL', 'IL1DL']",10,2926,NR
AWAL,"['AWBL', 'AIZL']",1,3179,NR
ASEL,['AIYL'],1,3181,NR
AWCL,"['AIBL', 'AIYL']",1,3183,NR
ASEL,['AIYL'],1,3184,NR
ASEL,['AIYL'],1,3185,NR
ASEL,['AIYL'],2,3186,NR
AIYL,['AIZL'],1,3188,NR
AIYL,['AIZL'],1,3189,NR
AIYL,['AIZL'],1,3190,NR
AIYL,['AIZL'],1,3192,NR
AIYL,['AIZL'],1,3193,NR
AWCL,['AIYL'],1,3194,NR
AIYL,['AIZL'],1,9323,NR
AIYL,['AIZL'],1,3199,NR
AIYL,['AIZL'],1,3200,NR
OLQDL,"['RMDDR', 'SIBVL']",2,9869,NR
OLQDL,"['RMDDR', 'SIBVL']",3,9870,NR
AIYL,"['AIZL', 'RIBL']",3,3203,NR
ASEL,"['AIBL', 'AIYL']",2,3205,NR
AWCL,['AIYL'],1,3206,NR
ASEL,['AIYL'],1,3207,NR
ASHL,['AVBL'],1,3215,NR
ADAL,['RIPL'],1,3219,NR
IL2VL,"['URAVL', 'RIPL']",1,5112,NR
IL2VL,['IL1VL'],3,5113,NR
CEPVL,"['OLQVL', 'RICL', 'RICR']",4,3227,NR
CEPDL,"['OLQDL', 'IL1DL']",1,3293,NR
CEPDL,"['OLQDL', 'IL1DL']",2,3295,NR
BAGL,['RIBR'],2,3297,NR
BAGL,['RIBR'],1,3298,NR
AINL,['AFDR'],1,5623,NR
AINL,['BAGL'],1,5624,NR
CEPVL,"['RIPL', 'URAVL', 'OLQVL']",3,5489,NR
CEPVL,"['OLQVL', 'IL1VL']",8,5490,NR
AWAL,"['AWBL', 'AIZL']",2,3340,NR
AIZL,"['AIBR', 'AVER']",1,3341,NR
AWAL,"['AWBL', 'AIZL']",1,3342,NR
AWAL,['AIZL'],1,3343,NR
AWBL,['ADFL'],1,3346,NR
RIGL,"['RIR', 'AIZL']",1,3348,NR
URYVL,['RIBL'],1,3350,NR
AWBL,"['AIZL', 'AIYL']",1,3354,NR
AWAL,['AIZL'],1,3355,NR
AWAL,['AIZL'],1,3356,NR
ASHL,['ADFL'],1,3359,NR
AWAL,"['AWBL', 'AIZL']",3,3360,NR
AIYL,"['AIZL', 'AFDL']",1,3361,NR
AIZL,['RIML'],2,3372,NR
RIGL,"['AIZL', 'AVEL', 'BAGR']",1,3374,NR
AUAL,"['AVEL', 'RIBL']",1,3376,NR
RIBL,"['RIS', 'AVER']",1,3378,NR
RIBL,"['RIS', 'AVER']",1,3378,NR
OLLL,"['RMDDL', 'AVER']",4,3381,NR
RIGL,"['AIZL', 'AVEL']",1,3382,NR
RIGL,"['AIZL', 'AVEL']",2,3383,NR
CEPVL,"['RMDDL', 'OLLL']",2,9324,NR
RIGL,"['AVEL', 'AIZL']",1,3385,NR
CEPVL,"['RMDDL', 'AVER']",1,3386,NR
AIZL,"['RIML', 'AIBR']",3,3388,NR
RIGL,['AIZL'],1,3389,NR
RIBL,"['RIS', 'AVER']",3,3395,NR
URYDL,"['RMDDR', 'RMDVL']",5,3425,NR
URYDL,"['RMDDR', 'RMDVL']",5,3426,NR
IL2DL,['RIPL'],3,3427,NR
RIGL,['RIR'],2,3434,NR
RIGL,"['RIR', 'AIZL']",1,3435,NR
URXL,"['RIAL', 'AUAL']",3,3444,NR
PVPL,"['AVBR', 'PVCL']",2,3447,NR
ADFL,['RIR'],1,3448,NR
CEPDL,['RMHR'],2,3553,NR
PVPL,['AVAL'],2,3554,NR
BAGL,"['RIAR', 'RIBR']",1,3569,NR
RMFL,['AVKL'],1,3572,NR
AVKL,['SAADR'],1,4909,NR
SAADL,"['AVAL', 'RIMR']",3,3601,NR
SAADL,"['RIML', 'AVAL']",1,3604,NR
SAADL,"['RIML', 'AVAL', 'RIMR']",4,3605,NR
SAADL,"['AVAL', 'RIMR']",3,3606,NR
SAADL,"['RIML', 'AVAL']",3,3607,NR
OLQVL,['RICL'],2,3610,NR
OLQVL,['RMDVR'],9,9832,NR
ADLL,['AVDR'],1,4610,NR
RIGL,['AVKR'],4,4611,NR
ADLL,['AVDR'],1,4612,NR
RIGL,['AVKR'],13,3620,NR
ASHL,"['AVAL', 'AVDR']",1,4613,NR
IL1VL,['RMDDL'],1,3648,NR
OLQVL,['RMDVR'],3,9833,NR
OLQVL,['RMDVR'],1,9834,NR
RIAL,"['RMDVR', 'RMDDL']",1,3656,NR
IL1VL,['RMDDL'],4,3661,NR
IL1VL,"['RIPL', 'RMDDL']",1,9328,NR
IL1VL,"['RMDDL', 'RIPL']",4,3661,NR
IL1VL,"['RIPL', 'URAVL']",3,3662,NR
URYVL,"['RMDDL', 'RMDVR']",6,3663,NR
IL2VL,"['IL1VL', 'RIPL']",4,5119,NR
RIAL,"['RMDVR', 'RMDDL']",1,3667,NR
ADEL,"['OLLL', 'RMDL']",1,3669,NR
ASEL,['AIYL'],1,3678,NR
RMDDL,['RMDVR'],1,3679,NR
RIAL,"['RMDL', 'RMDVR']",3,3680,NR
PVQL,['ASKL'],1,8898,NR
RIAL,"['RMDVR', 'RMDDL']",3,3690,NR
RIAL,['RMDVR'],1,3692,NR
IL2VL,"['RIPL', 'IL1VL']",2,5120,NR
IL2VL,"['RIPL', 'IL1VL']",3,5121,NR
IL2VL,"['IL1VL', 'RIPL']",2,5122,NR
ADEL,['OLLL'],1,3738,NR
RIAL,"['RMDVL', 'RMDDR']",1,3758,NR
RMFL,['RMDR'],2,3762,NR
IL1L,"['RMDR', 'RMDVL']",2,3765,NR
OLQDL,"['RMDDR', 'SIBVL']",3,9871,NR
OLQDL,['RMDDR'],1,3776,NR
RIAL,"['RMDDR', 'RMDVL']",2,3779,NR
RIAL,"['RMDVL', 'RMDDR']",7,3780,NR
RIAL,['RMDDR'],2,3781,NR
URYDL,"['RMDDR', 'RMDVL']",2,3782,NR
URYDL,"['RMDVL', 'RMDDR']",3,3785,NR
IL2VL,"['RMEL', 'RIPL', 'IL1VL']",4,5123,NR
URAVL,"['RMER', 'RIPL']",1,4031,NR
ASGL,"['AIBL', 'AIAL']",2,3800,NR
IL2VL,"['RMER', 'RIPL']",1,5124,NR
IL2L,['IL1L'],2,3823,NR
IL2L,['IL1L'],2,3825,NR
IL2DL,['RIPL'],2,3826,NR
AVFL,"['AVFR', 'AVBL']",1,3828,NR
ASHL,['AIAL'],1,3832,NR
ASHL,['AIAL'],1,3833,NR
ASHL,['AVDR'],2,3835,NR
ASHL,['AVDR'],1,3836,NR
ASHL,"['AVDR', 'AVAL']",1,3837,NR
ASHL,"['AVDR', 'AVAL', 'AVBL']",2,3839,NR
ASHL,['AVAL'],1,3840,NR
ASHL,['AVAL'],1,3841,NR
ASHL,['AVAL'],1,3842,NR
ASHL,"['ADLL', 'AVAL']",1,3843,NR
ASHL,"['AVBL', 'AVAL']",1,3844,NR
ASHL,['AVBL'],1,3847,NR
ASHL,['ADAL'],2,3855,NR
RICL,['AVAL'],1,3858,NR
ASHL,['AVAL'],3,3859,NR
RICL,['AVAL'],1,3860,NR
ASHL,['AVBL'],1,3862,NR
URYVL,['RMDDL'],1,3879,NR
AVHL,['RIR'],1,3891,NR
IL2DL,"['RIPL', 'IL1DL']",2,3929,NR
IL2DL,['IL1DL'],2,3930,NR
AWCL,"['AIYL', 'AIBL']",2,3972,NR
ASIL,"['AWCR', 'AIBL']",1,3983,NR
RMDDL,['RMDVR'],4,5524,NR
AWCL,['AWCR'],2,4021,NR
ASIL,"['AWCR', 'AIBL']",2,4023,NR
ASIL,['ASGL'],1,4024,NR
ASIL,['ASGL'],1,4025,NR
ASIL,['AWCL'],1,4028,NR
IL1VL,['RIPL'],3,4029,NR
IL2VL,['RIPL'],1,5126,NR
IL2L,['RIH'],2,4033,NR
IL2DL,"['RIPL', 'IL1DL']",1,4035,NR
IL2DL,"['RIPL', 'IL1DL']",1,4036,NR
IL2DL,"['RIPL', 'IL1DL']",2,4037,NR
CEPDL,"['IL1DL', 'OLQDL', 'URADL']",3,4038,NR
IL1DL,['RIPL'],2,4047,NR
IL2DL,"['RIPL', 'IL1DL']",2,4048,NR
IL2DL,"['IL1DL', 'RIPL']",2,4050,NR
IL2DL,['RIPL'],1,4051,NR
IL2DL,"['RIPL', 'RIPL']",1,4052,NR
IL2DL,['RIPL'],2,4055,NR
CEPVL,"['URAVL', 'OLQVL']",3,5459,NR
IL2DL,"['IL1DL', 'RIPL']",2,5494,NR
AWCL,"['AWCR', 'AIAR']",1,4063,NR
RIML,"['RMDR', 'SMDVL']",3,4067,NR
RIAL,['RMDDL'],1,4069,NR
IL1L,['RMDVL'],2,4071,NR
IL1L,"['RMDR', 'RMDVL']",1,4072,NR
IL1L,"['RMDR', 'RMDVL']",1,4073,NR
IL1L,['RMDVL'],7,4078,NR
RMHL,['RMDR'],1,9873,NR
RIAL,"['RMDVL', 'RMDR']",4,4082,NR
OLLL,"['RIBL', 'AVER']",1,4084,NR
IL1L,['RMDVL'],3,4085,NR
OLLL,"['RIBL', 'AVER']",2,4086,NR
OLLL,"['AVER', 'RMDVL']",1,4087,NR
OLLL,"['RIBL', 'AVER', 'RMDVL']",1,4088,NR
CEPDL,"['RMDVL', 'AVER']",1,4089,NR
CEPDL,"['AVER', 'RMDVL']",1,4090,NR
OLLL,"['RIBL', 'AVER', 'CEPDL']",3,4091,NR
CEPDL,['RMDVL'],1,4092,NR
CEPDL,['RMDVL'],1,4093,NR
CEPDL,['RMDVL'],1,4094,NR
CEPDL,"['OLLL', 'AVER']",4,4097,NR
CEPDL,['RMDVL'],1,4492,NR
IL2L,['RMDR'],3,4107,NR
RIAL,['RMDR'],2,4111,NR
IL1L,"['RMDR', 'RMDDL']",2,4113,NR
IL1L,['RMDR'],3,4114,NR
OLLL,"['RIBL', 'AVER']",4,4115,NR
IL2L,['IL1L'],1,4129,NR
ADEL,['RMDL'],2,4131,NR
RMDL,"['RIAL', 'RIAR']",1,4136,NR
ASJL,['ASKL'],1,5693,NR
ASJL,['PVQL'],1,4151,NR
IL1VL,['RMDDL'],1,4166,NR
RIAL,"['SMDDL', 'RIVR']",1,4170,NR
OLLL,['SMDVR'],2,4171,NR
URYVL,"['AVER', 'RMDDL']",1,4173,NR
CEPVL,"['RIPL', 'OLQVL']",1,9333,NR
IL1VL,['RMDDL'],2,4175,NR
OLLL,"['RMDDL', 'AVER']",5,4176,NR
IL1VL,"['RMDDL', 'URAVL']",1,4177,NR
IL1VL,"['RMDDL', 'RIPL']",2,4178,NR
URYVL,"['AVER', 'RMDDL']",6,4179,NR
IL1L,['RMDDL'],5,4180,NR
ASKL,['AIAL'],1,5675,NR
OLLL,"['AVER', 'CEPVL', 'RMDDL']",3,4182,NR
OLLL,"['AVER', 'CEPVL']",5,4184,NR
OLLL,"['RIBL', 'AVER']",1,4185,NR
IL2DL,['URADL'],1,4188,NR
OLLL,"['AVER', 'RMDDL']",2,4196,NR
RIGL,['RIR'],2,4218,NR
PVPL,"['AVBL', 'AVAL']",2,4220,NR
ADAL,"['AVJR', 'AVBL']",1,10261,NR
ADFL,"['RIAL', 'AUAL']",1,4223,NR
ADFL,"['RIAL', 'AUAL']",2,4224,NR
AUAL,"['RIAL', 'RIBL']",6,4225,NR
AUAL,['RIAL'],1,4226,NR
PVPL,['AVHR'],1,4228,NR
RIFL,['AVBR'],1,4229,NR
PVQL,['ASKL'],1,5695,NR
ASJL,['PVQL'],1,9875,NR
OLLL,['RMDDL'],3,5128,NR
OLLL,"['RMDDL', 'AVER']",1,5460,NR
OLLL,"['RMDDL', 'AVER', 'CEPVL']",1,5461,NR
IL1L,['RMDDL'],2,4791,NR
IL1VL,['RMDDL'],2,4792,NR
IL1L,['RMDDL'],3,4793,NR
URXL,['AUAL'],1,4243,NR
AUAL,['RIBL'],1,4244,NR
AUAL,['RIBL'],2,4245,NR
URXL,['AUAL'],1,4247,NR
URXL,['AUAL'],1,4248,NR
URXL,"['RIAL', 'AUAL']",2,4249,NR
AUAL,"['RIAL', 'AVAL']",1,4250,NR
AUAL,"['AVAL', 'RIAL', 'RIBL']",3,4251,NR
URXL,['RIAL'],1,4252,NR
URXL,['RIAL'],1,4253,NR
AUAL,['RIBL'],1,4254,NR
URXL,['AUAL'],1,4255,NR
AUAL,"['AVAL', 'RIAL', 'AVAL']",1,4262,NR
AUAL,"['AVAL', 'RIAL']",2,4264,NR
AWCL,['AIYL'],1,4269,NR
AVHL,['PVPR'],2,4273,NR
AUAL,['RIBL'],1,4274,NR
AUAL,['RIBL'],1,4276,NR
AUAL,['AVAL'],2,4910,NR
AUAL,['RIBL'],1,4286,NR
AUAL,"['AVEL', 'RIBL']",1,4287,NR
AUAL,"['AVEL', 'RIBL']",1,4289,NR
AUAL,"['RIBL', 'AVEL']",1,4292,NR
AUAL,['RIBL'],1,4293,NR
AUAL,['RIBL'],1,4301,NR
AUAL,['RIBL'],1,4302,NR
AUAL,"['AVEL', 'RIBL']",1,4303,NR
AUAL,['AVEL'],1,4305,NR
AUAL,['AVEL'],1,4310,NR
BAGL,"['RIAR', 'RIBR']",2,4326,NR
BAGL,['AVAR'],1,4360,NR
SMBDL,['SAAVR'],1,4363,NR
BAGL,['AVAR'],2,4365,NR
BAGL,['RIBR'],1,4369,NR
BAGL,['AVER'],2,4371,NR
BAGL,"['RIBR', 'AVER']",2,4377,NR
AVKL,['RIML'],2,4384,NR
RIAL,['SMDDR'],4,4385,NR
BAGL,"['RIGR', 'RIAR']",1,4390,NR
SAADL,"['OLLR', 'RIML']",1,4392,NR
RIPL,['RIH'],2,4402,NR
ASHL,['AVAL'],1,4431,NR
AUAL,['AVAL'],1,4433,NR
PVCL,['AVBR'],1,4434,NR
CEPVL,['RICL'],1,4445,NR
CEPDL,"['OLQDL', 'IL1DL']",1,4449,NR
ADAL,"['AVAL', 'AVJR', 'AVBL']",1,10264,NR
AVKL,['RIMR'],2,4460,NR
SAADL,"['OLLR', 'AVAL', 'RIMR']",2,4461,NR
SAADL,['RIML'],1,4462,NR
SAADL,['AVAL'],1,4463,NR
ADLL,['AVDR'],1,4614,NR
ALML,['BDUL'],2,4498,NR
IL2VL,"['RMER', 'URAVL']",1,9455,NR
RIAL,"['SMDVR', 'RIAR']",3,4501,NR
CEPDL,['RMHR'],1,4503,NR
CEPDL,['RMHR'],2,4504,NR
RIGL,"['RIBL', 'BAGR']",2,4506,NR
CEPDL,['RICL'],1,4507,NR
RIBL,"['AVAL', 'BAGR']",1,4508,NR
CEPDL,['RICL'],1,4509,NR
CEPDL,['RMHR'],1,4511,NR
CEPDL,"['RICR', 'RICL']",1,4512,NR
CEPDL,['RICL'],1,4513,NR
CEPDL,"['RICR', 'RICL']",2,4514,NR
URBL,['CEPDL'],1,4516,NR
CEPDL,['IL1DL'],1,4522,NR
RIML,"['RMDL', 'SMDVL']",1,4525,NR
RIML,"['RMDL', 'SMDVL']",1,4526,NR
RIML,['SAAVL'],4,4527,NR
RIML,['RMDR'],2,4528,NR
CEPDL,['RICL'],1,4530,NR
CEPDL,['RICR'],1,4531,NR
CEPDL,"['OLLL', 'AVER']",2,4534,NR
CEPDL,"['RMDVL', 'AVER']",1,4535,NR
CEPDL,"['AVER', 'OLLL']",1,4539,NR
CEPDL,"['OLLL', 'AVER']",1,4540,NR
OLLL,"['CEPDL', 'AVER']",1,4541,NR
CEPDL,['URYDL'],1,4544,NR
RIML,['RMDR'],4,4545,NR
CEPDL,['RMDVL'],1,4547,NR
OLLL,['AVER'],1,4548,NR
RIML,"['RMDR', 'RMDL']",3,4549,NR
ADFL,"['SMBVL', 'RIAL']",2,4562,NR
ADFL,"['RIAL', 'AIZL', 'SMBVL']",2,4563,NR
IL2L,['RIH'],2,4575,NR
IL2L,['RIH'],6,4580,NR
IL2L,"['OLQDL', 'RIH']",4,4583,NR
IL2L,['OLQDL'],2,4584,NR
IL2L,['RIH'],1,4585,NR
IL2L,"['RIH', 'OLQDL']",2,4586,NR
IL2L,"['RIH', 'OLQDL']",1,4588,NR
IL2L,"['RIH', 'OLQDL']",4,4591,NR
IL2L,"['RIH', 'OLQDL']",3,4593,NR
IL2VL,['RIPL'],1,5130,NR
BAGL,['RIGR'],1,4617,NR
PVCL,['AVBR'],1,4630,NR
RIFL,['AVBL'],1,4652,NR
RIFL,['AVBL'],1,4653,NR
ADAL,"['AVJR', 'AVBL']",1,10265,NR
ADAL,"['AVJR', 'AVBL']",1,10266,NR
ADAL,['AVJR'],1,10268,NR
BAGL,['RIAR'],2,4661,NR
BAGL,['RIAR'],1,4666,NR
BAGL,['RIAR'],1,4667,NR
BAGL,['RIAR'],1,4668,NR
BAGL,['RIAR'],1,4669,NR
BAGL,"['RIAR', 'RIGR']",1,4670,NR
RIFL,['AVBL'],1,4672,NR
AVJL,['AVBR'],2,4683,NR
RIBL,['AVEL'],1,4689,NR
PVCL,"['AVBR', 'AVDR']",8,1378,NR
PVPL,"['AVBR', 'PVCL']",1,4697,NR
ADAL,['AVBR'],2,4698,NR
ADAL,"['AVBR', 'RIPL']",3,4699,NR
PVCL,['AVBR'],1,4700,NR
PVCL,['AVBR'],1,4701,NR
PVCL,['AVBR'],1,4702,NR
OLQDL,['RICR'],1,4706,NR
AVJL,['AVBR'],1,4707,NR
BAGL,['RIGR'],1,4745,NR
BAGL,['RIGR'],1,4746,NR
BAGL,['RIAR'],1,4747,NR
RIGL,['AVEL'],2,4758,NR
AIZL,['AIBR'],3,4759,NR
ADEL,['AVEL'],2,4805,NR
ALML,['BDUL'],2,4808,NR
ALML,['BDUL'],1,4809,NR
AVFL,['AVFR'],1,4816,NR
SMDDL,"['SMDVR', 'RIAR', 'RIAL']",2,4821,NR
AIZL,"['AIBR', 'AVER']",4,4864,NR
ADAL,"['AVAL', 'AVJR', 'AVBL']",1,10271,NR
ADAL,['AVJR'],1,10505,NR
OLLL,['RIBL'],1,4870,NR
ADAL,['AVJR'],1,10273,NR
PVPL,"['AVBR', 'AVBL']",2,4895,NR
RMFL,"['AVKR', 'AVKL']",2,4925,NR
RMFL,"['RMDR', 'AVKL']",1,4926,NR
RMFL,['AVKL'],2,4929,NR
RMFL,"['AVKL', 'AVKR']",2,4930,NR
RMFL,"['AVKR', 'RMDR']",4,4939,NR
RMFL,"['RMDR', 'AVKR']",2,4940,NR
RMFL,"['AVKR', 'RMDR']",1,4941,NR
RMFL,"['AVKR', 'RMDR']",1,4942,NR
AIYL,['AIZL'],2,4946,NR
ADLL,['AIBL'],2,4951,NR
AWAL,['AWBL'],1,4952,NR
AWCL,['AWCR'],1,4960,NR
AWCL,['AIYL'],1,4961,NR
AWCL,['AWCR'],1,4962,NR
AWCL,['AWCR'],1,4963,NR
URXL,['RIAL'],2,4981,NR
BAGL,"['RIAR', 'RIBR']",1,4988,NR
BAGL,"['RIAR', 'RIBR']",1,4990,NR
BAGL,['RIBR'],1,4996,NR
BAGL,['RIBR'],1,4997,NR
BAGL,"['RIBR', 'AVER']",2,4999,NR
BAGL,['RIGR'],1,5000,NR
BAGL,"['RIBR', 'AVER']",1,5003,NR
AVJL,['AVBL'],1,5500,NR
BAGL,"['RIAR', 'RIBR']",2,5632,NR
RIAL,['RMDDR'],1,5034,NR
IL2L,['IL1L'],1,5136,NR
ADEL,"['OLLL', 'RMDL']",3,5142,NR
IL1L,['RMDVL'],1,5144,NR
OLLL,"['RIBL', 'AVER']",3,5145,NR
RIBL,['AVER'],1,5146,NR
OLLL,['RIBL'],1,5147,NR
IL1L,['RMDVL'],5,5148,NR
IL2DL,"['RIPL', 'IL1DL']",2,5150,NR
IL1DL,['RMDVL'],1,5153,NR
URADL,['RIPL'],2,5157,NR
RIAL,['RMDL'],2,5158,NR
OLLL,"['RIBL', 'AVER']",2,5159,NR
CEPDL,['AVER'],2,5160,NR
IL1DL,['RIPL'],8,8900,NR
IL1DL,['RMDVL'],2,5162,NR
RMDDL,['RMDVR'],1,5171,NR
PVCL,['AVBR'],1,5180,NR
RMGL,['RMDR'],1,9878,NR
RMFL,['AVKR'],2,5187,NR
IL1VL,['RMDDL'],5,5209,NR
IL1VL,['RMDDL'],1,5212,NR
IL1VL,['RMDDL'],1,5213,NR
IL1VL,['RMDDL'],4,5214,NR
IL1VL,['RMDDL'],1,5217,NR
OLLL,"['RIBL', 'AVER']",3,5218,NR
SMDDL,['RIAR'],2,5234,NR
IL2VL,"['RIPL', 'RMER', 'URAVL']",2,5235,NR
IL2VL,"['RMEV', 'RIPL', 'RMEL']",2,5237,NR
IL2VL,"['RIPL', 'RMER']",2,5238,NR
IL2VL,['RIPL'],1,5239,NR
IL2L,['OLQDL'],2,5244,NR
IL2L,['OLQDL'],1,5245,NR
ADEL,['OLLL'],1,5255,NR
CEPVL,"['OLLL', 'RMDDL']",1,5256,NR
OLLL,['RMDDL'],1,5258,NR
OLLL,"['AVER', 'CEPVL']",1,5259,NR
OLLL,"['RIBL', 'AVER']",1,5260,NR
CEPVL,['RMDDL'],1,5261,NR
OLLL,['RMDVL'],1,5263,NR
OLLL,"['AVER', 'SMDDR']",1,5264,NR
RIAL,['RMDDL'],1,5271,NR
RIBL,"['AUAL', 'RIAL']",1,5292,NR
RIAL,['RMDDL'],1,5294,NR
RMDL,['RIAL'],2,5295,NR
RIAL,['RMDR'],1,5296,NR
RIAL,['RMDDL'],1,5299,NR
RIAL,"['RMDDR', 'RMDVL']",4,5300,NR
RIAL,"['RMDDR', 'RMDVL']",2,5301,NR
RIAL,['RMDL'],1,5303,NR
RMDL,"['RIAR', 'RIAL']",1,5304,NR
RIAL,['RMDR'],1,5305,NR
RIAL,['RMDL'],1,5306,NR
RIAL,['RMDVL'],1,5307,NR
BAGL,['RIAR'],1,5309,NR
RIBL,['AVER'],1,8868,NR
RIBL,"['AVER', 'SMDVR']",4,5319,NR
RIBL,['RIAL'],1,5321,NR
RIBL,['AVAL'],2,5322,NR
BDUL,['ALML'],1,5323,NR
URBL,['RICR'],1,5333,NR
RMDL,"['RMDVR', 'RIAR']",1,5502,NR
RMDDL,['RMDVR'],2,5450,NR
IL1DL,['RIPL'],1,5424,NR
SMBDL,['RMED'],2,5426,NR
RIML,['RMDR'],1,5454,NR
URADL,['RIPL'],7,5505,NR
ADLL,"['AIBL', 'AIAL']",2,8869,VC
RIAL,['RMDVL'],1,5584,NR
ADLL,['ASHL'],1,5701,NR
AWCL,"['AIAL', 'AIBL']",1,9152,VC
RIVL,['SAADR'],7,5789,VC
RIML,['AIBR'],3,5792,VC
ASJL,['PVQL'],1,5794,VC
ASGL,['AIAL'],2,5795,VC
AIML,"['AIAL', 'ASGL']",3,5796,VC
ASGL,['AIAL'],2,5797,VC
ASGL,['AIAL'],1,5798,VC
PVQL,"['AIAL', 'ASKL']",3,5799,VC
RIFL,"['AVJR', 'AVBL']",1,5803,VC
RIFL,"['AVJR', 'AVBL']",2,5804,VC
ASJL,['PVQL'],3,5805,VC
ASEL,['AIYL'],3,5808,VC
AIYL,"['AIZL', 'RIAL', 'RIBL']",23,5809,VC
ADFL,"['RIAL', 'AIZL']",3,5811,VC
AIYL,"['RIAL', 'RIBL']",1,5812,VC
ASEL,"['AIYL', 'AIBL']",3,5813,VC
ASHL,['AIAL'],2,5815,VC
AIZL,"['SMBDL', 'SMBVL']",1,8871,VC
ASHL,"['AIBL', 'AIAL']",3,5816,VC
AIZL,"['SMBVL', 'SMBDL']",1,7005,VC
FLPL,['AVAR'],2,5838,VC
FLPL,['DVA'],1,5840,VC
ASGL,['AIAL'],17,5795,VC
ASGL,['AIAL'],1,9097,VC
PLNL,"['SMBVL', 'SAADL']",1,7010,VC
PLNL,"['SMBVL', 'SAADL']",1,5844,VC
PLNL,"['SMBVL', 'SAADL']",2,5845,VC
AFDL,['AIYL'],3,5851,VC
AIZL,['RIAL'],4,5852,VC
ASHL,['AIAL'],3,5815,VC
ASHL,"['AIBL', 'AIAL']",4,5853,VC
AWAL,"['AWBL', 'AIYL']",1,5855,VC
RIFL,"['AVBL', 'RIML']",3,5856,VC
PVPL,['AVBR'],1,5858,VC
ADAL,"['RIML', 'AVBR']",6,5859,VC
ADAL,"['AVBR', 'RIML']",1,5859,VC
ADFL,['RIAL'],2,5860,VC
ADFL,['RIAL'],3,5861,VC
ASHL,"['RIAL', 'ADFL']",2,5862,VC
ASHL,['RIAL'],4,5863,VC
ADFL,"['RIAL', 'AIZL']",2,5864,VC
FLPL,"['AVAL', 'AVAR']",3,5876,VC
FLPL,"['AVAL', 'AVAR']",1,5878,VC
AIZL,"['SMBDL', 'SMBVL']",2,5881,VC
AIZL,['SMBVL'],2,5882,VC
AIYL,"['RIAL', 'AIZL']",5,5883,VC
ASJL,['PVQL'],1,5891,VC
ASJL,['PVQL'],1,5892,VC
ASJL,['PVQL'],2,5893,VC
AIAL,"['RIFL', 'AIBL']",10,5895,VC
PVQL,['ASKL'],2,5896,VC
FLPL,"['AVAL', 'AVAR']",4,5901,VC
FLPL,"['AVAL', 'AVAR']",3,5902,VC
AIYL,"['RIAL', 'AIZL']",3,5903,VC
AIYL,"['RIAL', 'AIZL']",4,5904,VC
AWCL,['AIYL'],1,5905,VC
AIYL,"['AIZL', 'RIBL']",6,5906,VC
AWAL,['AIZL'],4,5907,VC
ADFL,"['RIAL', 'AIZL']",6,5912,VC
AIZL,['SMBVL'],3,5913,VC
BDUL,['AVJR'],1,5915,VC
RIML,"['AVBL', 'AVBR']",8,5918,VC
ASHL,"['RIAL', 'ADFL']",1,5919,VC
ASHL,"['RIAL', 'ADFL']",1,5920,VC
FLPL,['AVAL'],3,5922,VC
AIZL,"['RIAL', 'SMBDL']",2,5924,VC
FLPL,['AVDR'],1,9342,VC
FLPL,['AVAR'],1,5928,VC
SMBVL,['SAADL'],1,5931,VC
SMBVL,['SAADL'],3,5932,VC
AVFL,['AVFR'],2,5936,VC
AIBL,"['AVBL', 'RIMR']",3,5937,VC
ADFL,['AIZL'],1,5943,VC
PVCL,"['AVBR', 'AVER']",7,5945,VC
PVCL,"['AVDR', 'AVBR']",1,5946,VC
PVCL,"['AVDR', 'AVBR']",1,5947,VC
PVCL,"['AVDR', 'AVBR']",1,5948,VC
AWAL,"['AIYL', 'AIZL']",1,5950,VC
AIZL,"['SMBDL', 'SMBVL']",1,5952,VC
AIYL,"['RIAL', 'AIZL']",3,5953,VC
ADEL,"['RIGL', 'AVAR']",7,5957,VC
ADFL,['AIZL'],1,5965,VC
ADFL,['AIZL'],1,5966,VC
ADEL,"['AVAL', 'RIGR']",7,5971,VC
ADEL,['RIGR'],2,5972,VC
ADEL,"['ADER', 'RIGL']",2,5973,VC
AWAL,['AIZL'],1,5980,VC
ADEL,['RIGR'],1,5981,VC
ADEL,['RIGR'],2,5982,VC
PVQL,['AIAL'],1,5994,VC
ADEL,"['RIGL', 'ADER']",2,6002,VC
PVPL,['AVBR'],2,6004,VC
PVPL,"['AVBR', 'AVHR']",1,6005,VC
AWAL,['AIZL'],1,6007,VC
RIFL,"['AVBL', 'RIML']",3,6011,VC
RIFL,"['RIML', 'AVBL']",1,6012,VC
SMBVL,['RMEV'],2,8957,VC
PVCL,['AVBL'],2,9880,NR
SMBVL,"['PLNL', 'RMEV']",1,8958,VC
SMBVL,['RMEV'],1,8961,VC
ADEL,['RIGL'],3,8962,VC
ADEL,['RIGL'],2,8963,VC
PVPL,['AVAR'],2,8964,VC
ADEL,['AVAR'],1,6031,VC
FLPL,"['AVDL', 'AVAL']",3,6182,VC
AVKL,['SAADR'],2,8968,VC
AVJL,['AVBL'],1,6185,VC
AIYL,"['AIZL', 'RIAL']",1,8927,VC
AIYL,['RIAL'],1,8928,VC
AIYL,"['AIZL', 'RIAL', 'RIBL']",6,8929,VC
ASHL,"['RIAL', 'ADFL']",1,8930,VC
AIYL,"['RIAL', 'AIZL']",1,8931,VC
AIZL,['SMBDL'],1,8932,VC
AINL,['AFDR'],2,8933,NR
FLPL,['AVAL'],3,8972,VC
AVJL,['PVCR'],1,8973,VC
AVJL,['AVBL'],2,8978,VC
PVCL,['AVBL'],1,8979,VC
AIZL,"['RIAL', 'SMBDL', 'SMBVL']",2,9046,VC
URYVL,"['RMDDL', 'IL1VL']",1,9296,NR
URYDL,['RMDVL'],1,9508,NR
URXL,['RIGL'],1,9300,NR
ADEL,"['RIGR', 'RIGL']",2,9526,VC
ADEL,"['ADER', 'RIGR']",1,9509,VC
SMDDL,['RIAR'],1,9510,NR
AIAL,['AIBL'],1,9360,NR
RIML,['AVBL'],1,9366,VC
AIYL,['AIZL'],1,9368,NR
AIZL,['AVER'],1,9369,NR
AIZL,['RIAL'],1,9371,VC
RIFL,['AVBL'],1,9377,VC
ASKL,['AIAL'],1,9378,VC
ADLL,['AIBL'],1,9382,VC
ASKL,['AIAL'],1,9385,VC
ASKL,"['AIAL', 'AIML']",1,9386,VC
AVFL,['AVFR'],1,9388,VC
AVJL,['AVBR'],1,9391,VC
AWAL,['AIZL'],1,9396,NR
AWAL,['AIYL'],1,9397,NR
BDUL,['AVJR'],1,9401,VC
CEPDL,"['URYDL', 'RMDVL']",5,9404,NR
CEPVL,"['RMDDL', 'OLLL']",1,9410,NR
FLPL,['AVAL'],1,9412,VC
FLPL,"['AVAR', 'AVAL']",1,9413,VC
FLPL,"['ADEL', 'AVAL']",2,9414,VC
FLPL,"['ADEL', 'AVAL']",1,9415,VC
PVPL,['AVHR'],1,9515,NR
AIBL,['RIML'],1,9513,VC
IL2DL,['IL1DL'],1,9458,NR
IL2VL,['RMEL'],1,9459,NR
PVPL,['AVBR'],1,9465,VC
PVQL,"['ASKL', 'AIAL']",1,9466,NR
RIAL,"['SMDVR', 'RIAR']",1,9469,NR
RIAL,['RMDL'],1,9470,NR
RIBL,['AVER'],1,9475,NR
RICL,"['AVAL', 'AVAR']",1,9477,NR
RICL,['SMDVR'],1,9478,NR
RMFL,"['RMDR', 'AVKL']",1,9488,NR
ADAL,"['AIBR', 'RIML']",1,9492,VC
ADAL,"['AIBR', 'RIML', 'AVBR']",1,9493,VC
ADEL,['AVAR'],1,9494,VC
FLPL,"['AVDL', 'AVAL']",1,9495,VC
RIFL,['AVBL'],1,9496,VC
RIFL,"['AVJR', 'AVBL']",1,9497,VC
RIML,['SAAVR'],2,9602,NR
RIML,"['SAAVR', 'SMDDL']",5,9603,NR
OLQDL,['SIBVL'],1,9881,NR
RIML,['RMDL'],1,9707,NR
OLQDL,"['RMDDR', 'SIBVL']",1,9882,NR
PVPL,['AVBL'],2,10281,NR
